incident_key,boro,occur_date,murder,longitude,latitude
191709964,BROOKLYN,2019-01-01,TRUE,-73.86615527499998,40.66567568700003
191739125,BROOKLYN,2019-01-01,FALSE,-73.97512662299994,40.69514176600006
191739126,BRONX,2019-01-01,FALSE,-73.89581102799997,40.85633016000003
191790873,BROOKLYN,2019-01-02,FALSE,-73.94445277099999,40.69817495500007
191851037,BRONX,2019-01-03,FALSE,-73.85456914199995,40.87121719400005
191851038,STATEN ISLAND,2019-01-03,FALSE,-74.16281469099994,40.624715399000024
191853461,BROOKLYN,2019-01-04,FALSE,-73.99287843099995,40.573762860000045
191949899,BROOKLYN,2019-01-04,FALSE,-73.94098570199998,40.59836429600006
191949900,BRONX,2019-01-06,FALSE,-73.89286816199996,40.82173680500006
191949902,BRONX,2019-01-05,FALSE,-73.85087315799996,40.83121933700005
191951586,BROOKLYN,2019-01-06,FALSE,-73.99197121999998,40.57462754300008
191951587,QUEENS,2019-01-05,FALSE,-73.93357513699993,40.759450695000055
191951588,BRONX,2019-01-06,TRUE,-73.86620145399996,40.82145677500006
191951588,BRONX,2019-01-06,TRUE,-73.86620145399996,40.82145677500006
191951589,STATEN ISLAND,2019-01-05,FALSE,-74.11865177499999,40.63681841100003
191995443,BRONX,2019-01-07,TRUE,-73.87989223599999,40.84118336900008
191997175,BRONX,2019-01-08,FALSE,-73.90657156199995,40.829460906000065
191997175,BRONX,2019-01-08,FALSE,-73.90657156199995,40.829460906000065
192049864,BROOKLYN,2019-01-08,FALSE,-73.92011671699998,40.66838451700005
192059857,BRONX,2019-01-09,TRUE,-73.85329478899996,40.880551707000045
192159800,BROOKLYN,2019-01-11,FALSE,-73.89691993599997,40.651195186000045
192258906,BROOKLYN,2019-01-13,TRUE,-73.92665700899994,40.67561600000005
192258907,BROOKLYN,2019-01-13,FALSE,-73.94958420199998,40.67964380700005
192258908,QUEENS,2019-01-13,TRUE,-73.75876169699995,40.697443114000066
192258908,QUEENS,2019-01-13,FALSE,-73.75876169699995,40.697443114000066
192259533,BROOKLYN,2019-01-13,FALSE,-73.95737452599997,40.64535110500003
192259534,BRONX,2019-01-11,FALSE,-73.90925771099995,40.84652996900007
192259535,QUEENS,2019-01-12,FALSE,-73.80317413099993,40.759410124000055
192259536,MANHATTAN,2019-01-13,FALSE,-73.94134727099998,40.81344644500006
192259537,BROOKLYN,2019-01-12,FALSE,-73.93856391999998,40.67849731100006
192301916,BROOKLYN,2019-01-14,FALSE,-73.87964161799994,40.66769830800007
192301916,BROOKLYN,2019-01-14,FALSE,-73.87964161799994,40.66769830800007
192301917,BROOKLYN,2019-01-14,FALSE,-73.88624437899995,40.67136244500006
192301917,BROOKLYN,2019-01-14,FALSE,-73.88624437899995,40.67136244500006
192440376,BROOKLYN,2019-01-17,TRUE,-73.95861495499997,40.689048942000056
192455949,BRONX,2019-01-17,FALSE,-73.89966526999996,40.85330363700007
192545414,BROOKLYN,2019-01-19,TRUE,-73.93979089899995,40.718871223000065
192545746,BRONX,2019-01-18,FALSE,-73.91810495899995,40.81286686600003
192545747,MANHATTAN,2019-01-19,FALSE,-73.94741200599998,40.796484993000036
192545748,MANHATTAN,2019-01-19,TRUE,-73.94309430099997,40.82123773800003
192545749,QUEENS,2019-01-19,TRUE,-73.83449918799994,40.77110200100003
192545749,QUEENS,2019-01-19,FALSE,-73.83449918799994,40.77110200100003
192545750,BRONX,2019-01-19,FALSE,-73.87811778599996,40.82609899800008
192545751,BRONX,2019-01-20,FALSE,-73.89332982299999,40.82041067500006
192582052,BRONX,2019-01-21,FALSE,-73.85848844499998,40.87129342900005
192699974,BRONX,2019-01-24,FALSE,-73.86387135299998,40.87881762600006
192834299,QUEENS,2019-01-25,FALSE,-73.82302019699995,40.66997805800003
192834300,BROOKLYN,2019-01-26,TRUE,-73.91464546899994,40.68751442000007
192834301,BROOKLYN,2019-01-25,FALSE,-73.93801152399999,40.70164684200006
192834302,QUEENS,2019-01-27,FALSE,-73.77985380599995,40.68329625600006
192834302,QUEENS,2019-01-27,FALSE,-73.77985380599995,40.68329625600006
192834303,BROOKLYN,2019-01-26,FALSE,-73.91350205499998,40.67113000200004
192876037,MANHATTAN,2019-01-28,FALSE,-73.91810825999994,40.86560099800005
192876454,BRONX,2019-01-28,FALSE,-73.85801741099993,40.820953925000026
192876454,BRONX,2019-01-28,FALSE,-73.85801741099993,40.820953925000026
192974875,MANHATTAN,2019-01-30,FALSE,-73.92954569999995,40.86409703500004
192974876,MANHATTAN,2019-01-30,FALSE,-73.92914864499994,40.85310893600007
192978312,MANHATTAN,2019-01-31,TRUE,-73.94294826399994,40.834069554000045
192978312,MANHATTAN,2019-01-31,FALSE,-73.94294826399994,40.834069554000045
192978312,MANHATTAN,2019-01-31,TRUE,-73.94294826399994,40.834069554000045
192978312,MANHATTAN,2019-01-31,FALSE,-73.94294826399994,40.834069554000045
193026088,QUEENS,2019-01-31,FALSE,-73.75498197399997,40.65986481400006
193118589,BROOKLYN,2019-02-03,TRUE,-73.93023648299999,40.640911749000054
193118591,QUEENS,2019-02-03,TRUE,-73.87648084299997,40.748424502000034
193118591,QUEENS,2019-02-03,TRUE,-73.87648084299997,40.748424502000034
193118592,MANHATTAN,2019-02-01,FALSE,-73.94374411699994,40.79862337700007
193118593,QUEENS,2019-02-02,FALSE,-73.79637559399998,40.68957405300006
193118593,QUEENS,2019-02-02,FALSE,-73.79637559399998,40.68957405300006
193118595,QUEENS,2019-01-07,FALSE,-73.81733283899996,40.72758307300006
193118596,MANHATTAN,2019-02-02,FALSE,-73.94547898299999,40.791915747000075
193160951,BROOKLYN,2019-02-04,TRUE,-73.94938958399996,40.687863116000074
193160952,BROOKLYN,2019-02-04,TRUE,-74.00037110599999,40.57916181000007
193160952,BROOKLYN,2019-02-04,FALSE,-74.00037110599999,40.57916181000007
193160952,BROOKLYN,2019-02-04,TRUE,-74.00037110599999,40.57916181000007
193160952,BROOKLYN,2019-02-04,FALSE,-74.00037110599999,40.57916181000007
193162778,MANHATTAN,2019-02-04,FALSE,-73.94728636599996,40.81347285700008
193214568,QUEENS,2019-02-05,FALSE,-73.75615095499995,40.60666425800008
193226256,BROOKLYN,2019-02-06,FALSE,-73.93951647099993,40.70574137600005
193267668,BROOKLYN,2019-02-06,TRUE,-73.92797552099995,40.679224926000074
193267668,BROOKLYN,2019-02-06,TRUE,-73.92797552099995,40.679224926000074
193267668,BROOKLYN,2019-02-06,FALSE,-73.92797552099995,40.679224926000074
193267668,BROOKLYN,2019-02-06,FALSE,-73.92797552099995,40.679224926000074
193267668,BROOKLYN,2019-02-06,TRUE,-73.92797552099995,40.679224926000074
193267668,BROOKLYN,2019-02-06,FALSE,-73.92797552099995,40.679224926000074
193417904,BRONX,2019-02-08,TRUE,-73.90624419799997,40.81816612400007
193417904,BRONX,2019-02-08,TRUE,-73.90624419799997,40.81816612400007
193418290,MANHATTAN,2019-02-10,FALSE,-73.91588299999995,40.86985642300005
193418291,BRONX,2019-02-10,FALSE,-73.90443884799998,40.82857922000005
193418293,BRONX,2019-02-09,FALSE,-73.86599898699995,40.862680692000026
193418294,MANHATTAN,2019-02-09,FALSE,-73.94892760899995,40.79729995800005
193462347,BROOKLYN,2019-02-11,FALSE,-73.86776406599995,40.676010785000074
193462348,BROOKLYN,2019-02-11,FALSE,-73.87083801699998,40.67491152000008
193466266,QUEENS,2019-02-12,TRUE,-73.83394494899994,40.75166774000007
193509769,BRONX,2019-02-12,FALSE,-73.90032638899999,40.822803555000064
193517125,QUEENS,2019-02-12,FALSE,-73.82696399999996,40.69433830500003
193517125,QUEENS,2019-02-12,TRUE,-73.82696399999996,40.69433830500003
193517125,QUEENS,2019-02-12,FALSE,-73.82696399999996,40.69433830500003
193517125,QUEENS,2019-02-12,TRUE,-73.82696399999996,40.69433830500003
193602933,MANHATTAN,2019-02-14,FALSE,-73.94089263999996,40.83443086400007
193694861,BRONX,2019-02-16,FALSE,-73.88867234499997,40.87150490000005
193694862,BROOKLYN,2019-02-17,FALSE,-73.91847996599995,40.630940046000035
193694863,QUEENS,2019-02-17,FALSE,-73.94501432999994,40.756274405000056
193732895,BRONX,2019-02-18,FALSE,-73.83866713999998,40.89103933800004
193733167,BRONX,2019-02-18,FALSE,-73.91436847999995,40.821427767000046
193779318,BROOKLYN,2019-02-19,FALSE,-73.92476772999999,40.67718191900008
193779318,BROOKLYN,2019-02-19,FALSE,-73.92476772999999,40.67718191900008
193938809,BROOKLYN,2019-02-22,TRUE,-73.95153135299995,40.636496726000075
193939353,BRONX,2019-02-22,FALSE,-73.90342420099995,40.848308349000035
193939354,MANHATTAN,2019-02-23,FALSE,-73.93669005299995,40.81405056600005
193939355,BROOKLYN,2019-02-24,FALSE,-73.90888577399994,40.66996814200007
193939355,BROOKLYN,2019-02-24,FALSE,-73.90888577399994,40.66996814200007
193939356,QUEENS,2019-02-22,FALSE,-73.83432339499996,40.75378401700005
193939357,BROOKLYN,2019-02-22,TRUE,-73.91261610199996,40.65070361300008
193939358,QUEENS,2019-02-22,FALSE,-73.76021965199999,40.59977400200006
193939358,QUEENS,2019-02-22,FALSE,-73.76021965199999,40.59977400200006
193939359,BRONX,2019-02-24,FALSE,-73.91182094199996,40.83021194600008
193939360,BRONX,2019-02-23,FALSE,-73.84778592599997,40.817941448000056
193982311,QUEENS,2019-02-25,FALSE,-73.84822679899997,40.73532034100003
194032274,QUEENS,2019-02-26,TRUE,-73.78705004199996,40.702847381000026
194032590,BROOKLYN,2019-02-26,FALSE,-73.98152360899996,40.57699549000006
194085121,MANHATTAN,2019-02-27,FALSE,-73.92414560499998,40.861819713000045
194085122,MANHATTAN,2019-02-28,FALSE,-73.94596499199997,40.79714361500004
194226976,BROOKLYN,2019-03-02,FALSE,-73.88181102299995,40.67135982000008
194226977,QUEENS,2019-03-02,FALSE,-73.79332768599994,40.67045812200007
194232503,BRONX,2019-03-04,FALSE,-73.82296258799994,40.86619851900008
194269158,BROOKLYN,2019-03-04,FALSE,-73.92555358299995,40.680487654000046
194324354,BRONX,2019-03-05,FALSE,-73.91383171099993,40.84009473200006
194324355,QUEENS,2019-03-05,TRUE,-73.76501976899993,40.66502949200003
194324356,BROOKLYN,2019-03-05,TRUE,-73.95490364299997,40.68835230600007
194378288,BROOKLYN,2019-03-06,FALSE,-73.99174341599996,40.599292655000056
194525841,QUEENS,2019-03-09,FALSE,-73.82521659699995,40.768104840000035
194525841,QUEENS,2019-03-09,FALSE,-73.82521659699995,40.768104840000035
194525843,MANHATTAN,2019-03-10,FALSE,-73.97816876899998,40.74165148800006
194525844,BRONX,2019-03-09,FALSE,-73.89693078099998,40.81563517500006
194525845,BROOKLYN,2019-03-10,FALSE,-73.94928261699994,40.69575788600008
194525846,MANHATTAN,2019-03-09,FALSE,-73.94140810899995,40.800251339000056
194527594,QUEENS,2019-03-09,FALSE,-73.85112912799997,40.67987042300006
194527595,BRONX,2019-03-09,FALSE,-73.90443884799998,40.82857922000005
194570529,BROOKLYN,2019-03-11,FALSE,-73.93895197599994,40.68756556300008
194570529,BROOKLYN,2019-03-11,FALSE,-73.93895197599994,40.68756556300008
194570530,BROOKLYN,2019-03-11,FALSE,-73.92120694299996,40.68210314700008
194626068,BROOKLYN,2019-03-12,FALSE,-73.90842808999997,40.67003755600006
194626069,BROOKLYN,2019-03-12,FALSE,-73.92149747899998,40.67572744700004
194626070,BROOKLYN,2019-03-12,FALSE,-73.87405032699996,40.66670982000005
194626071,BROOKLYN,2019-03-12,FALSE,-73.93510873499997,40.670817975000034
194677549,STATEN ISLAND,2019-03-13,TRUE,-74.10912077499995,40.591615742000045
194817571,MANHATTAN,2019-03-17,FALSE,-73.93752918499996,40.79734911000003
194817572,MANHATTAN,2019-03-16,TRUE,-73.94757677099996,40.81198569400004
194817573,BROOKLYN,2019-03-15,FALSE,-73.89868224799993,40.66406931200004
194817574,QUEENS,2019-03-15,FALSE,-73.83770522999998,40.718658885000025
194817575,BROOKLYN,2019-03-16,TRUE,-73.94983723199994,40.69854389700003
194817576,BRONX,2019-03-17,FALSE,-73.84996949799995,40.883221149000065
194817577,BROOKLYN,2019-03-17,FALSE,-73.88186673299998,40.67463401200007
194817578,QUEENS,2019-03-16,FALSE,-73.77563582899995,40.69432435300007
194859637,MANHATTAN,2019-03-18,FALSE,-73.94075433899997,40.79494475700005
194859637,MANHATTAN,2019-03-18,FALSE,-73.94075433899997,40.79494475700005
194859637,MANHATTAN,2019-03-18,FALSE,-73.94075433899997,40.79494475700005
194859638,MANHATTAN,2019-03-18,FALSE,-73.95801671299995,40.80342561300006
194915415,BROOKLYN,2019-03-19,TRUE,-73.88084465599997,40.665699430000075
194915415,BROOKLYN,2019-03-19,TRUE,-73.88084465599997,40.665699430000075
194965392,QUEENS,2019-03-20,FALSE,-73.74573596699997,40.683172187000025
195013384,BRONX,2019-03-21,TRUE,-73.91770925599997,40.834516921000045
195013385,BROOKLYN,2019-03-21,FALSE,-73.87829407799995,40.660813836000045
195013387,BRONX,2019-03-21,FALSE,-73.92364523699996,40.81428776000007
195013387,BRONX,2019-03-21,FALSE,-73.92364523699996,40.81428776000007
195013388,BROOKLYN,2019-03-21,FALSE,-73.97825366099994,40.69576992100008
195102364,BROOKLYN,2019-03-23,FALSE,-73.94671873799996,40.69754966200003
195102365,BROOKLYN,2019-03-22,TRUE,-73.96398885699995,40.678955690000066
195102366,BRONX,2019-03-22,FALSE,-73.90240604099995,40.827367741000046
195102367,BRONX,2019-03-23,FALSE,-73.84687148699999,40.88680362000008
195102368,BRONX,2019-03-22,FALSE,-73.89368404899993,40.84264697100008
195102368,BRONX,2019-03-22,FALSE,-73.89368404899993,40.84264697100008
195102369,QUEENS,2019-03-23,FALSE,-73.78189565399998,40.59586993600004
195102370,BROOKLYN,2019-03-24,FALSE,-73.91899039999998,40.62187208700004
195145308,BRONX,2019-03-25,FALSE,-73.91110256099995,40.808044688000045
195203576,BROOKLYN,2019-03-26,FALSE,-73.96445548499997,40.681134284000045
195254733,MANHATTAN,2019-03-27,TRUE,-73.93199489299997,40.85170536100003
195303946,QUEENS,2019-03-28,FALSE,-73.92546794099997,40.74744008000005
195396612,QUEENS,2019-03-30,FALSE,-73.77623390699995,40.67998073800004
195396612,QUEENS,2019-03-30,FALSE,-73.77623390699995,40.67998073800004
195396614,BROOKLYN,2019-03-31,FALSE,-73.95177382999998,40.65775741600004
195396615,BROOKLYN,2019-03-30,FALSE,-73.96172407399996,40.65495088600005
195396615,BROOKLYN,2019-03-30,FALSE,-73.96172407399996,40.65495088600005
195396616,BROOKLYN,2019-03-31,FALSE,-73.88637622499994,40.66221203500004
195396617,BROOKLYN,2019-03-30,FALSE,-73.94735535799998,40.67372503000007
195396618,BROOKLYN,2019-03-31,FALSE,-73.93938357299999,40.67984615900008
195397264,BRONX,2019-03-31,FALSE,-73.92771100999994,40.81141039400006
195440618,BRONX,2019-04-01,FALSE,-73.90452671999998,40.82305602100007
195553175,BRONX,2019-04-03,TRUE,-73.90285730799997,40.82996453700008
195553175,BRONX,2019-04-03,FALSE,-73.90285730799997,40.82996453700008
195604250,BROOKLYN,2019-04-04,FALSE,-73.92609165799996,40.656929053000056
195604251,QUEENS,2019-04-04,FALSE,-73.73476225799999,40.71574115900006
195699912,BRONX,2019-04-06,FALSE,-73.92133955199995,40.82051771300007
195699913,BRONX,2019-04-07,FALSE,-73.84353705199999,40.88476018600005
195699914,MANHATTAN,2019-04-07,FALSE,-73.93645041599996,40.814366034000045
195699915,QUEENS,2019-04-07,FALSE,-73.87545305199995,40.73532988900007
195699915,QUEENS,2019-04-07,FALSE,-73.87545305199995,40.73532988900007
195699916,BROOKLYN,2019-04-07,FALSE,-73.92640981999995,40.66419276200003
195700547,BROOKLYN,2019-04-06,FALSE,-73.97940754499996,40.69539199900004
195700548,QUEENS,2019-04-07,FALSE,-73.74061624299999,40.663778740000055
195743581,QUEENS,2019-04-08,TRUE,-73.87853915299996,40.74928665500005
195743582,BROOKLYN,2019-04-08,FALSE,-73.93411460199997,40.659275183000034
195743583,BROOKLYN,2019-04-08,FALSE,-73.89899762699997,40.67746985500003
195743584,STATEN ISLAND,2019-04-08,FALSE,-74.12360824899997,40.63404391100005
195743585,BROOKLYN,2019-04-08,FALSE,-73.93486707499994,40.67349240900006
195744020,BROOKLYN,2019-04-08,FALSE,-73.95081099199996,40.68657634900006
195799803,BROOKLYN,2019-04-09,FALSE,-73.99287843099995,40.573762860000045
195799804,QUEENS,2019-04-09,FALSE,-73.86723053699995,40.76122121100008
195854214,BRONX,2019-04-10,FALSE,-73.88880966199997,40.85412014100007
195854769,BROOKLYN,2019-04-10,TRUE,-73.94237742399997,40.63780404000005
195907494,MANHATTAN,2019-04-11,FALSE,-73.93844121399997,40.82266448800005
195978521,QUEENS,2019-04-13,TRUE,-73.79066870299994,40.69578133400006
195978522,QUEENS,2019-04-13,TRUE,-73.86272726099997,40.74987737400005
196000887,MANHATTAN,2019-04-13,FALSE,-73.93801061699997,40.82819709200004
196000888,BROOKLYN,2019-04-14,FALSE,-73.91572929199998,40.670167166000056
196000888,BROOKLYN,2019-04-14,FALSE,-73.91572929199998,40.670167166000056
196000889,MANHATTAN,2019-04-14,FALSE,-73.97625702099998,40.723393128000055
196000890,BRONX,2019-04-14,FALSE,-73.90679704999997,40.859381159000066
196000891,MANHATTAN,2019-04-14,TRUE,-73.95358230899996,40.819508589000066
196000892,BRONX,2019-04-14,FALSE,-73.90427939199998,40.85967299600003
196043547,QUEENS,2019-04-15,FALSE,-73.78580605399998,40.68900458000007
196043547,QUEENS,2019-04-15,FALSE,-73.78580605399998,40.68900458000007
196095816,QUEENS,2019-04-16,FALSE,-73.93609040299998,40.76062678400007
196095817,QUEENS,2019-04-16,FALSE,-73.80448103199996,40.67049408600008
196095818,QUEENS,2019-04-16,FALSE,-73.73613510799998,40.71817995600003
196095819,BROOKLYN,2019-04-16,TRUE,-73.92956723399993,40.670514763000035
196145427,MANHATTAN,2019-04-17,FALSE,-73.98078435299993,40.712889817000075
196193413,QUEENS,2019-04-18,FALSE,-73.91569659099997,40.74630876700007
196193414,BROOKLYN,2019-04-18,FALSE,-73.97916899999996,40.693497594000064
196193415,BROOKLYN,2019-04-18,FALSE,-73.87564499499994,40.67066626800005
196193416,BROOKLYN,2019-04-18,FALSE,-73.88066024399996,40.675466707000055
196195743,MANHATTAN,2019-04-18,FALSE,-73.98279183299996,40.717743945000045
196195745,MANHATTAN,2019-04-18,FALSE,-73.94876567499995,40.79330128700008
196195746,MANHATTAN,2019-04-18,FALSE,-73.93351000499996,40.854760113000054
196276903,QUEENS,2019-04-19,FALSE,-73.74980013299995,40.68947166600003
196276903,QUEENS,2019-04-19,FALSE,-73.74980013299995,40.68947166600003
196276904,BROOKLYN,2019-04-20,FALSE,-73.98380700399997,40.701407302000064
196276907,BRONX,2019-04-20,FALSE,-73.90665021099994,40.81718658800003
196276908,QUEENS,2019-04-19,FALSE,-73.73840293399996,40.69460475400006
196315233,BRONX,2019-04-22,FALSE,-73.90352217399999,40.82670544500007
196315234,BROOKLYN,2019-04-22,FALSE,-73.91820318499998,40.68094961800006
196315235,QUEENS,2019-04-22,FALSE,-73.94501432999994,40.756274405000056
196364279,STATEN ISLAND,2019-04-23,FALSE,-74.17125343299995,40.63898537500006
196364280,BRONX,2019-04-23,FALSE,-73.90370510699995,40.83700003600006
196364281,BRONX,2019-04-23,FALSE,-73.83315773299995,40.882695278000035
196375777,MANHATTAN,2019-04-24,TRUE,-73.94661967099995,40.80326766600007
196414298,BRONX,2019-04-24,FALSE,-73.91030493199997,40.83886142700004
196414299,BROOKLYN,2019-04-24,FALSE,-73.93865405799994,40.66232298500006
196525187,BRONX,2019-04-27,TRUE,-73.89265007699998,40.84508108500006
196542452,BROOKLYN,2019-04-27,FALSE,-73.95449716799999,40.653885037000066
196582020,BRONX,2019-04-29,FALSE,-73.92319851599996,40.84079511700003
196582021,BROOKLYN,2019-04-30,FALSE,-73.95646822999998,40.712003923000054
196630584,MANHATTAN,2019-04-30,FALSE,-73.93505624999995,40.81080007700007
196678735,BROOKLYN,2019-05-02,FALSE,-73.88551151599995,40.67539658500005
196680983,BRONX,2019-05-02,FALSE,-73.90529686099995,40.858851412000035
196730309,BRONX,2019-05-02,TRUE,-73.89037142599996,40.83112889800003
196820303,MANHATTAN,2019-05-03,FALSE,-73.95250846999994,40.80069410200008
196820305,BRONX,2019-05-04,FALSE,-73.88273420199994,40.853658463000045
197016008,MANHATTAN,2019-05-09,FALSE,-74.00537192799999,40.72824968200007
197016008,MANHATTAN,2019-05-09,FALSE,-74.00537192799999,40.72824968200007
197016009,BROOKLYN,2019-05-09,FALSE,-73.89665041399996,40.669168163000045
197106407,BRONX,2019-05-11,TRUE,-73.85373896099996,40.88484325400003
197200331,MANHATTAN,2019-05-14,FALSE,-73.92425452099997,40.86300382200005
197200331,MANHATTAN,2019-05-14,FALSE,-73.92425452099997,40.86300382200005
197200331,MANHATTAN,2019-05-14,FALSE,-73.92425452099997,40.86300382200005
197200331,MANHATTAN,2019-05-14,FALSE,-73.92425452099997,40.86300382200005
197254458,BRONX,2019-05-15,FALSE,-73.90472771799995,40.85537769300004
197254458,BRONX,2019-05-15,FALSE,-73.90472771799995,40.85537769300004
197254458,BRONX,2019-05-15,FALSE,-73.90472771799995,40.85537769300004
197254458,BRONX,2019-05-15,FALSE,-73.90472771799995,40.85537769300004
197293450,BROOKLYN,2019-05-16,FALSE,-73.94168426899995,40.693993989000035
197293451,BROOKLYN,2019-05-16,TRUE,-73.94584720299997,40.67498800000004
197293452,BRONX,2019-05-16,FALSE,-73.86778453599999,40.88708970100003
197293452,BRONX,2019-05-16,FALSE,-73.86778453599999,40.88708970100003
197381374,MANHATTAN,2019-05-17,TRUE,-73.94626118399998,40.81304510900003
197381375,BRONX,2019-05-17,FALSE,-73.91372714799996,40.83711874300008
197381376,QUEENS,2019-05-19,FALSE,-73.78339026799995,40.69659104200008
197381377,MANHATTAN,2019-05-18,FALSE,-73.94855068899993,40.79781429800005
197381379,MANHATTAN,2019-05-19,FALSE,-73.98683570399999,40.71222797900003
197381380,MANHATTAN,2019-05-18,FALSE,-73.93995106699998,40.81787819300007
197381381,MANHATTAN,2019-05-18,FALSE,-73.95422568199996,40.807295305000025
197381382,BROOKLYN,2019-05-19,FALSE,-73.91545382599996,40.65570853100007
197381383,BROOKLYN,2019-05-18,FALSE,-73.88494743899997,40.64893997000007
197381384,BRONX,2019-05-18,FALSE,-73.90303019599997,40.84940928900005
197423567,QUEENS,2019-05-20,FALSE,-73.94795459099998,40.74633266300003
197423972,BRONX,2019-05-20,FALSE,-73.82595788299993,40.87807471600007
197423973,STATEN ISLAND,2019-05-03,FALSE,-74.14297795699997,40.630415742000025
197475508,BROOKLYN,2019-05-21,FALSE,-73.95797590799998,40.67066627200006
197525242,BRONX,2019-05-22,FALSE,-73.89950057199997,40.838500896000035
197525797,MANHATTAN,2019-05-22,FALSE,-73.94914882599994,40.79848299100007
197534775,BRONX,2019-05-23,FALSE,-73.88932621799995,40.83763656000008
197534776,BRONX,2019-05-23,FALSE,-73.91471853099995,40.813292931000035
197573447,MANHATTAN,2019-05-23,FALSE,-73.92962164299996,40.859807372000034
197573448,BROOKLYN,2019-05-23,FALSE,-73.87486901499996,40.666360153000035
197654796,BRONX,2019-05-24,FALSE,-73.91795987299997,40.83202339900003
197654797,BRONX,2019-05-24,FALSE,-73.84625011499996,40.870480308000026
197654798,BROOKLYN,2019-05-24,FALSE,-73.92751668299996,40.65232695800006
197655792,BROOKLYN,2019-05-24,FALSE,-73.95881796399993,40.650807662000034
197660693,MANHATTAN,2019-05-26,TRUE,-73.94113066399996,40.786730867000074
197660693,MANHATTAN,2019-05-26,TRUE,-73.94113066399996,40.786730867000074
197660693,MANHATTAN,2019-05-26,FALSE,-73.94113066399996,40.786730867000074
197660693,MANHATTAN,2019-05-26,FALSE,-73.94113066399996,40.786730867000074
197660694,MANHATTAN,2019-05-25,FALSE,-73.98407980799993,40.71626268800003
197660695,BROOKLYN,2019-05-25,FALSE,-73.89075804199996,40.66525187900004
197660697,QUEENS,2019-05-25,FALSE,-73.80807854799997,40.589894069000025
197660699,BROOKLYN,2019-05-26,FALSE,-73.92834966199996,40.66865618300005
197660700,BROOKLYN,2019-05-26,FALSE,-73.920045558999945,40.64993584600006
197662445,BROOKLYN,2019-05-26,FALSE,-73.93422504099993,40.66538517000003
197662446,BROOKLYN,2019-05-26,TRUE,-73.88779208899996,40.66649442600004
197662446,BROOKLYN,2019-05-26,FALSE,-73.88779208899996,40.66649442600004
197662446,BROOKLYN,2019-05-26,FALSE,-73.88779208899996,40.66649442600004
197662446,BROOKLYN,2019-05-26,TRUE,-73.88779208899996,40.66649442600004
197662446,BROOKLYN,2019-05-26,TRUE,-73.88779208899996,40.66649442600004
197662446,BROOKLYN,2019-05-26,FALSE,-73.88779208899996,40.66649442600004
197662447,BROOKLYN,2019-05-26,FALSE,-73.87384967299994,40.685965503000034
197665544,QUEENS,2019-05-27,FALSE,-73.75409174199996,40.70092218700006
197691090,BROOKLYN,2019-05-27,FALSE,-73.94960855599999,40.64204375800006
197691090,BROOKLYN,2019-05-27,FALSE,-73.94960855599999,40.64204375800006
197691091,BROOKLYN,2019-05-27,FALSE,-73.86661702199996,40.665609361000065
197691091,BROOKLYN,2019-05-27,TRUE,-73.86661702199996,40.665609361000065
197691092,BROOKLYN,2019-05-27,FALSE,-73.94218704299993,40.67924139200005
197691092,BROOKLYN,2019-05-27,FALSE,-73.94218704299993,40.67924139200005
197692916,BRONX,2019-05-27,TRUE,-73.89463285199997,40.83518183800004
197692916,BRONX,2019-05-27,TRUE,-73.89463285199997,40.83518183800004
197700944,BROOKLYN,2019-05-28,FALSE,-73.89137286999994,40.63272816400007
197700945,BROOKLYN,2019-05-28,FALSE,-73.87983318099998,40.663161857000034
197700946,MANHATTAN,2019-05-28,FALSE,-73.94275038599993,40.79708909900006
197700947,MANHATTAN,2019-05-28,FALSE,-73.93623234699999,40.82044551200005
197706724,BRONX,2019-05-28,FALSE,-73.91891149799994,40.80653857400006
197706725,QUEENS,2019-05-27,FALSE,-73.81062738399999,40.735782552000046
197801426,BROOKLYN,2019-05-29,FALSE,-73.98359733499996,40.58794975400008
197850586,BROOKLYN,2019-05-30,FALSE,-73.92453181499997,40.651492897000026
197850804,BRONX,2019-05-30,FALSE,-73.91216947399994,40.84796474600006
197953462,QUEENS,2019-06-01,FALSE,-73.75310452899998,40.60327507900007
197953462,QUEENS,2019-06-01,FALSE,-73.75310452899998,40.60327507900007
197953463,BROOKLYN,2019-05-31,FALSE,-73.93842477199996,40.68033400500008
197953464,BROOKLYN,2019-06-01,TRUE,-73.91299316099997,40.68230132900004
197953465,BROOKLYN,2019-06-01,FALSE,-73.93138385999998,40.66613283600003
197953466,BRONX,2019-06-01,FALSE,-73.90439622399998,40.835768665000046
197953467,BRONX,2019-06-01,FALSE,-73.88787652999997,40.814349959000026
197953467,BRONX,2019-06-01,FALSE,-73.88787652999997,40.814349959000026
197953468,BROOKLYN,2019-06-02,TRUE,-73.86609362599995,40.671247220000055
197953469,BROOKLYN,2019-06-01,FALSE,-73.89665041399996,40.669168163000045
197953470,BRONX,2019-06-02,FALSE,-73.90281209999995,40.812519018000046
197953471,BROOKLYN,2019-06-01,FALSE,-73.95686294499995,40.67374065300004
197953471,BROOKLYN,2019-06-01,FALSE,-73.95686294499995,40.67374065300004
197997725,BROOKLYN,2019-06-03,FALSE,-73.88409743899996,40.65553981000005
197997726,BRONX,2019-06-03,FALSE,-73.89500529899993,40.86065662500005
198052647,BROOKLYN,2019-06-04,FALSE,-73.93809863499996,40.70371991700006
198052648,BRONX,2019-06-04,FALSE,-73.90295173699997,40.861844104000056
198052649,BROOKLYN,2019-06-04,FALSE,-73.97924197799995,40.69509133200006
198055667,BRONX,2019-06-04,FALSE,-73.89339411499998,40.86922277000008
198107751,QUEENS,2019-06-05,FALSE,-73.75058856999993,40.676551708000034
198107752,BRONX,2019-06-05,FALSE,-73.91647860799998,40.80550297600007
198107752,BRONX,2019-06-05,FALSE,-73.91647860799998,40.80550297600007
198159773,BROOKLYN,2019-06-06,FALSE,-73.94685695599996,40.68815437800003
198159775,BROOKLYN,2019-06-06,FALSE,-73.94789538599997,40.63514079700008
198171739,BRONX,2019-06-07,TRUE,-73.85042437099997,40.869408029000056
198171739,BRONX,2019-06-07,FALSE,-73.85042437099997,40.869408029000056
198171739,BRONX,2019-06-07,TRUE,-73.85042437099997,40.869408029000056
198171739,BRONX,2019-06-07,FALSE,-73.85042437099997,40.869408029000056
198255457,BROOKLYN,2019-06-07,FALSE,-73.86944591999996,40.66931111300005
198255458,MANHATTAN,2019-06-07,FALSE,-73.95063426799999,40.79074551300005
198255459,MANHATTAN,2019-06-08,TRUE,-73.93851147999999,40.83899952100006
198255459,MANHATTAN,2019-06-08,TRUE,-73.93851147999999,40.83899952100006
198255460,BROOKLYN,2019-06-07,FALSE,-73.90842523899994,40.67982701600005
198255460,BROOKLYN,2019-06-07,FALSE,-73.90842523899994,40.67982701600005
198255461,BROOKLYN,2019-06-07,FALSE,-73.94543861099999,40.68831788700004
198255461,BROOKLYN,2019-06-07,FALSE,-73.94543861099999,40.68831788700004
198255463,BROOKLYN,2019-06-08,FALSE,-73.95796990599996,40.68162156900007
198255465,BROOKLYN,2019-06-08,FALSE,-73.95826260499996,40.68309313200007
198255466,MANHATTAN,2019-06-09,FALSE,-73.93957301999995,40.802765763000025
198255467,STATEN ISLAND,2019-06-08,FALSE,-74.11760451999999,40.63751627800008
198255468,QUEENS,2019-06-09,FALSE,-73.79386971199995,40.69650212600004
198255469,BRONX,2019-06-09,FALSE,-73.90572560199996,40.86370036300008
198255470,BRONX,2019-06-09,FALSE,-73.88646463099997,40.835940848000064
198266990,MANHATTAN,2019-06-10,TRUE,-73.94711752799998,40.825913006000064
198295765,BROOKLYN,2019-06-10,FALSE,-73.91851337199995,40.69431327700005
198295765,BROOKLYN,2019-06-10,FALSE,-73.91851337199995,40.69431327700005
198350536,BROOKLYN,2019-06-11,FALSE,-73.87035888899999,40.669050834000075
198404597,BROOKLYN,2019-06-12,TRUE,-73.94165315499998,40.67520377400007
198405076,BRONX,2019-06-12,FALSE,-73.85766112499994,40.86189412900006
198405077,BROOKLYN,2019-06-12,FALSE,-73.96705837799993,40.68159926900006
198405079,BROOKLYN,2019-06-12,FALSE,-73.94125101699996,40.59712086700006
198405080,STATEN ISLAND,2019-06-12,FALSE,-74.16684911799994,40.63587325100008
198457970,MANHATTAN,2019-06-13,FALSE,-73.95057493799999,40.789487113000064
198457971,BROOKLYN,2019-06-13,FALSE,-73.97439180099997,40.69471440700005
198552502,MANHATTAN,2019-06-15,TRUE,-73.94495263199997,40.81373847700007
198552994,MANHATTAN,2019-06-15,FALSE,-73.94197602999998,40.80962945400006
198552995,BROOKLYN,2019-06-14,FALSE,-73.92253777599996,40.66623109200003
198552996,BRONX,2019-06-14,FALSE,-73.91655562999995,40.843831641000065
198595255,BROOKLYN,2019-06-17,FALSE,-73.90886696299998,40.67829333700007
198595257,BRONX,2019-06-17,FALSE,-73.85724131299997,40.83147017400006
198595258,BROOKLYN,2019-06-17,TRUE,-73.93697772699994,40.692661453000035
198653292,BROOKLYN,2019-06-18,FALSE,-73.90410471999996,40.66646530600008
198705941,BROOKLYN,2019-06-19,FALSE,-73.91807358899996,40.67436721100006
198705943,MANHATTAN,2019-06-19,FALSE,-74.00063290399999,40.71083730700008
198760073,BROOKLYN,2019-06-20,FALSE,-73.93376303299993,40.67032036000006
198760073,BROOKLYN,2019-06-20,FALSE,-73.93376303299993,40.67032036000006
198760074,BROOKLYN,2019-06-20,FALSE,-73.93854291199995,40.623535280000056
198760075,BROOKLYN,2019-06-20,FALSE,-73.87167392799995,40.67281471500007
198857665,BRONX,2019-06-21,FALSE,-73.92313138099996,40.80877721400003
198857666,BRONX,2019-06-22,FALSE,-73.91833724599996,40.82339303400005
198857666,BRONX,2019-06-22,FALSE,-73.91833724599996,40.82339303400005
198858227,MANHATTAN,2019-06-23,FALSE,-73.95127174599997,40.82549725300004
198858228,BROOKLYN,2019-06-22,TRUE,-73.93934763899995,40.71737535300008
198858229,BRONX,2019-06-23,FALSE,-73.90157888499994,40.85495172200007
198858229,BRONX,2019-06-23,FALSE,-73.90157888499994,40.85495172200007
198858230,BROOKLYN,2019-06-23,FALSE,-73.96085431599994,40.59401905900006
198858231,BRONX,2019-06-23,FALSE,-73.91398933899995,40.82998817300006
198858231,BRONX,2019-06-23,FALSE,-73.91398933899995,40.82998817300006
198858232,BRONX,2019-06-23,FALSE,-73.87182548099997,40.834532695000064
198858233,BRONX,2019-06-23,FALSE,-73.90609965999994,40.87707565900007
198900605,MANHATTAN,2019-06-24,TRUE,-73.93974999599999,40.815750544000025
198900606,BRONX,2019-06-24,FALSE,-73.89203291499996,40.817116189000046
198900607,BROOKLYN,2019-06-24,FALSE,-73.99407301299993,40.574301682000055
198948494,BRONX,2019-06-25,FALSE,-73.89240191599998,40.85731130700003
198948495,QUEENS,2019-06-25,FALSE,-73.82471341899998,40.764509486000065
198948496,BROOKLYN,2019-06-25,FALSE,-73.91820318499998,40.68094961800006
198948497,BRONX,2019-06-25,FALSE,-73.89432753599993,40.834724564000055
198948497,BRONX,2019-06-25,FALSE,-73.89432753599993,40.834724564000055
198948498,QUEENS,2019-06-25,FALSE,-73.90980705299995,40.74942924700008
198998742,QUEENS,2019-06-26,FALSE,-73.91038996599997,40.754934468000044
198998743,BROOKLYN,2019-06-26,FALSE,-73.92709805499999,40.680685322000045
199046249,QUEENS,2019-06-27,FALSE,-73.74911366599997,40.60369728500007
199046250,BRONX,2019-06-27,FALSE,-73.90940991899998,40.85917288500008
199046251,BRONX,2019-06-27,FALSE,-73.92237594899996,40.85214131600003
199052835,BRONX,2019-06-28,TRUE,-73.90913750499993,40.83315416900006
199061351,BROOKLYN,2019-06-28,FALSE,-73.92941269899995,40.70051224700006
199134397,QUEENS,2019-06-30,FALSE,-73.75670897799995,40.60115952800004
199134398,BROOKLYN,2019-06-28,FALSE,-73.91356358699994,40.67111177800006
199134398,BROOKLYN,2019-06-28,FALSE,-73.91356358699994,40.67111177800006
199134399,BRONX,2019-06-30,TRUE,-73.90126836999997,40.81254699800007
199134400,QUEENS,2019-06-28,FALSE,-73.86555105999997,40.73843508200008
199134401,BROOKLYN,2019-06-29,FALSE,-73.95759720299998,40.62560501000007
199134402,BROOKLYN,2019-06-28,TRUE,-74.00539689799996,40.64122853200007
199134403,BROOKLYN,2019-06-29,FALSE,-73.92941142999994,40.695750030000056
199134404,STATEN ISLAND,2019-06-30,FALSE,-74.08164819999996,40.625306395000045
199134405,MANHATTAN,2019-06-30,FALSE,-74.00539165099997,40.74347045600006
199134406,BROOKLYN,2019-06-29,FALSE,-73.89435562899997,40.63367738200003
199134406,BROOKLYN,2019-06-29,FALSE,-73.89435562899997,40.63367738200003
199174260,MANHATTAN,2019-07-01,FALSE,-73.93728733199998,40.84321632300003
199174261,BRONX,2019-07-01,FALSE,-73.88758998199995,40.846043817000066
199188161,BROOKLYN,2019-07-02,FALSE,-73.92823133899998,40.66471735100003
199247701,QUEENS,2019-07-03,FALSE,-73.94342211899993,40.75544249100005
199247701,QUEENS,2019-07-03,FALSE,-73.94342211899993,40.75544249100005
199247701,QUEENS,2019-07-03,FALSE,-73.94342211899993,40.75544249100005
199247701,QUEENS,2019-07-03,FALSE,-73.94342211899993,40.75544249100005
199247701,QUEENS,2019-07-03,FALSE,-73.94342211899993,40.75544249100005
199247701,QUEENS,2019-07-03,FALSE,-73.94342211899993,40.75544249100005
199298013,BROOKLYN,2019-07-04,FALSE,-73.91422203399999,40.65719130300005
199314079,BRONX,2019-07-04,FALSE,-73.91077639999997,40.85194616000006
199314080,BROOKLYN,2019-07-04,FALSE,-73.94524945899997,40.63762587400004
199323631,MANHATTAN,2019-07-05,FALSE,-73.94109824099996,40.800930373000035
199325319,BRONX,2019-07-05,FALSE,-73.89104523099996,40.87147770300004
199325320,BRONX,2019-07-05,FALSE,-73.91754236699995,40.82921521500003
199325321,MANHATTAN,2019-07-05,FALSE,-73.94784794499998,40.80707512000003
199325322,BROOKLYN,2019-07-05,FALSE,-73.93284140199995,40.66531403600004
199325323,BRONX,2019-07-05,TRUE,-73.88417317899996,40.85284220800003
199325324,BROOKLYN,2019-07-05,FALSE,-73.88291550799994,40.67185569600008
199325324,BROOKLYN,2019-07-05,FALSE,-73.88291550799994,40.67185569600008
199325325,BRONX,2019-07-05,TRUE,-73.88831291599996,40.834572183000034
199401908,BRONX,2019-07-05,FALSE,-73.88766002899996,40.815401149000024
199401908,BRONX,2019-07-05,FALSE,-73.88766002899996,40.815401149000024
199403136,BRONX,2019-07-05,FALSE,-73.86943433699997,40.878137880000054
199403136,BRONX,2019-07-05,FALSE,-73.86943433699997,40.878137880000054
199403137,BROOKLYN,2019-07-06,FALSE,-73.95121739599995,40.65257408800005
199403138,MANHATTAN,2019-07-06,FALSE,-73.95106232299997,40.79766168700007
199403139,STATEN ISLAND,2019-07-07,FALSE,-74.12043842999998,40.635444587000045
199408422,QUEENS,2019-07-05,TRUE,-73.74903382699995,40.66421728000006
199422329,BROOKLYN,2019-07-07,FALSE,-73.99407301299993,40.574301682000055
199467222,BRONX,2019-07-08,FALSE,-73.88417317899996,40.85284220800003
199467222,BRONX,2019-07-08,FALSE,-73.88417317899996,40.85284220800003
199467225,BROOKLYN,2019-07-08,FALSE,-73.93259885099997,40.66790844000008
199467225,BROOKLYN,2019-07-08,TRUE,-73.93259885099997,40.66790844000008
199483245,BRONX,2019-07-05,TRUE,-73.92141314699995,40.85132115500005
199526931,QUEENS,2019-07-09,FALSE,-73.93191492199996,40.761869733000026
199582060,BROOKLYN,2019-07-10,TRUE,-73.89791074199997,40.64929341800007
199582060,BROOKLYN,2019-07-10,FALSE,-73.89791074199997,40.64929341800007
199637606,BRONX,2019-07-11,TRUE,-73.89940050199993,40.858373732000075
199637606,BRONX,2019-07-11,TRUE,-73.89940050199993,40.858373732000075
199658515,QUEENS,2019-07-12,FALSE,-73.82772191799995,40.74294374700003
199728579,MANHATTAN,2019-07-13,TRUE,-73.97813658799998,40.72081286900004
199728579,MANHATTAN,2019-07-13,TRUE,-73.97813658799998,40.72081286900004
199728579,MANHATTAN,2019-07-13,TRUE,-73.97813658799998,40.72081286900004
199741932,MANHATTAN,2019-07-14,TRUE,-73.93821379499997,40.81052438000006
199742303,QUEENS,2019-07-12,FALSE,-73.87242665399998,40.75211048600005
199742305,MANHATTAN,2019-07-13,FALSE,-73.94617644199997,40.78884424900008
199742305,MANHATTAN,2019-07-13,FALSE,-73.94617644199997,40.78884424900008
199742305,MANHATTAN,2019-07-13,FALSE,-73.94617644199997,40.78884424900008
199742306,QUEENS,2019-07-12,FALSE,-73.78283519599995,40.68397542200006
199742307,BRONX,2019-07-13,FALSE,-73.90074280699997,40.85005054900006
199742308,BROOKLYN,2019-07-13,FALSE,-73.93018816599994,40.678054528000075
199742309,BRONX,2019-07-13,FALSE,-73.89265007699998,40.84508108500006
199742311,BROOKLYN,2019-07-14,FALSE,-73.92284094099995,40.663569246000066
199744071,BRONX,2019-07-14,FALSE,-73.82694698699999,40.83080006900008
199744072,BROOKLYN,2019-07-14,FALSE,-73.90753042499995,40.66276879000003
199744073,BROOKLYN,2019-07-14,FALSE,-73.90729486299995,40.66757466800004
199744074,BROOKLYN,2019-07-14,FALSE,-73.92609516299996,40.68304561800005
199752462,MANHATTAN,2019-07-15,TRUE,-73.93305777899997,40.79923132800008
199752462,MANHATTAN,2019-07-15,FALSE,-73.93305777899997,40.79923132800008
199785879,MANHATTAN,2019-07-15,FALSE,-73.94112857099998,40.79930825400004
199786226,BROOKLYN,2019-07-15,FALSE,-73.90766193699993,40.661503080000045
199844336,MANHATTAN,2019-07-16,FALSE,-73.94275038599993,40.79708909900006
199844336,MANHATTAN,2019-07-16,FALSE,-73.94275038599993,40.79708909900006
199900180,QUEENS,2019-07-17,FALSE,-73.94465265199995,40.754163736000066
199900181,MANHATTAN,2019-07-17,FALSE,-73.93676598199994,40.80661720900008
200056608,BRONX,2019-07-19,FALSE,-73.90490886099997,40.827285732000064
200056610,BRONX,2019-07-19,FALSE,-73.897695508999945,40.85590791800007
200056611,MANHATTAN,2019-07-21,FALSE,-73.94787185799998,40.79585674400005
200056612,BRONX,2019-07-19,FALSE,-73.91235880299996,40.84932073200008
200056612,BRONX,2019-07-19,FALSE,-73.91235880299996,40.84932073200008
200056613,BRONX,2019-07-21,FALSE,-73.82141724699994,40.82158331300008
200056614,BROOKLYN,2019-07-21,FALSE,-73.98120362499998,40.575573630000065
200056615,QUEENS,2019-07-20,FALSE,-73.91038996599997,40.754934468000044
200056616,BROOKLYN,2019-07-21,FALSE,-73.88653330699998,40.65449240100003
200099025,BRONX,2019-07-22,FALSE,-73.90678426399995,40.83722909100004
200155033,BROOKLYN,2019-07-23,FALSE,-73.89304258599998,40.63312845400003
200155465,BROOKLYN,2019-07-23,FALSE,-73.95748999799997,40.70908739400005
200209679,BRONX,2019-07-24,FALSE,-73.91898232799997,40.82847439000005
200209680,BRONX,2019-07-24,FALSE,-73.84136028299997,40.87324514900007
200209681,BROOKLYN,2019-07-24,FALSE,-73.94127786699994,40.67919247000003
200209682,QUEENS,2019-07-24,FALSE,-73.81941440699995,40.79149022800004
200209683,BROOKLYN,2019-07-24,FALSE,-73.91389240999996,40.68708841900008
200263247,QUEENS,2019-07-25,FALSE,-73.75420688999998,40.69182211700007
200263247,QUEENS,2019-07-25,FALSE,-73.75420688999998,40.69182211700007
200263247,QUEENS,2019-07-25,FALSE,-73.75420688999998,40.69182211700007
200263247,QUEENS,2019-07-25,FALSE,-73.75420688999998,40.69182211700007
200263248,BROOKLYN,2019-07-25,FALSE,-73.95883005899998,40.66989963000003
200272477,BROOKLYN,2019-07-26,TRUE,-73.90065131699998,40.675494798000045
200331332,BROOKLYN,2019-07-28,TRUE,-73.90633062899997,40.634348826000064
200331333,BROOKLYN,2019-07-27,FALSE,-73.90075779799997,40.657236613000066
200331333,BROOKLYN,2019-07-27,FALSE,-73.90075779799997,40.657236613000066
200331333,BROOKLYN,2019-07-27,TRUE,-73.90075779799997,40.657236613000066
200331333,BROOKLYN,2019-07-27,TRUE,-73.90075779799997,40.657236613000066
200331333,BROOKLYN,2019-07-27,FALSE,-73.90075779799997,40.657236613000066
200331333,BROOKLYN,2019-07-27,FALSE,-73.90075779799997,40.657236613000066
200331333,BROOKLYN,2019-07-27,TRUE,-73.90075779799997,40.657236613000066
200331333,BROOKLYN,2019-07-27,FALSE,-73.90075779799997,40.657236613000066
200331333,BROOKLYN,2019-07-27,TRUE,-73.90075779799997,40.657236613000066
200331333,BROOKLYN,2019-07-27,TRUE,-73.90075779799997,40.657236613000066
200365028,BROOKLYN,2019-07-26,FALSE,-73.94865975299996,40.68419869300004
200365029,MANHATTAN,2019-07-27,FALSE,-73.94294826399994,40.834069554000045
200365030,BRONX,2019-07-28,FALSE,-73.88654242999996,40.81482246100006
200365031,QUEENS,2019-07-28,FALSE,-73.85727461499994,40.674226711000074
200365032,BRONX,2019-07-28,FALSE,-73.91472050899995,40.839766971000074
200365033,BROOKLYN,2019-07-27,FALSE,-73.86733433799998,40.664702740000045
200365034,MANHATTAN,2019-07-28,FALSE,-73.95246159399994,40.81860117400004
200365035,BRONX,2019-07-28,TRUE,-73.84523202799994,40.84253424000008
200365036,BROOKLYN,2019-07-27,FALSE,-73.91608564799998,40.68419426100007
200365037,BRONX,2019-07-28,FALSE,-73.90332187399997,40.88311966300006
200365038,BRONX,2019-07-28,FALSE,-73.91780150799997,40.85143704700005
200365038,BRONX,2019-07-28,FALSE,-73.91780150799997,40.85143704700005
200408147,BRONX,2019-07-29,FALSE,-73.89992025599997,40.823778092000055
200408148,BRONX,2019-07-29,FALSE,-73.88508476499999,40.85140802400008
200408149,BRONX,2019-07-29,FALSE,-73.88646463099997,40.835940848000064
200408150,BROOKLYN,2019-07-29,FALSE,-73.93211332599998,40.67943428600006
200465329,QUEENS,2019-07-30,FALSE,-73.78134820399998,40.67803680000003
200465330,MANHATTAN,2019-07-30,FALSE,-73.94557011499995,40.79612655100004
200521041,QUEENS,2019-07-31,FALSE,-73.86626921999994,40.75278823200006
200656488,BRONX,2019-08-03,TRUE,-73.89776883599995,40.83186681600006
200656489,BRONX,2019-08-03,TRUE,-73.92169962999998,40.85264700000005
200668267,MANHATTAN,2019-08-04,TRUE,-73.95283634499998,40.81043796900008
200668267,MANHATTAN,2019-08-04,FALSE,-73.95283634499998,40.81043796900008
200680423,MANHATTAN,2019-08-03,FALSE,-73.94461741699998,40.79898644700006
200680424,BROOKLYN,2019-08-04,FALSE,-73.91469197199996,40.669836599000064
200680425,BROOKLYN,2019-08-03,FALSE,-73.87036942699996,40.67301906900008
200680426,BROOKLYN,2019-08-04,FALSE,-73.94961712799994,40.67930793000005
200725652,BRONX,2019-08-05,FALSE,-73.88077258199996,40.84252228600008
200725653,QUEENS,2019-08-05,FALSE,-73.94484892199995,40.755241787000045
200725654,BROOKLYN,2019-08-05,FALSE,-73.92532965699996,40.67117671300008
200725654,BROOKLYN,2019-08-05,FALSE,-73.92532965699996,40.67117671300008
200725654,BROOKLYN,2019-08-05,FALSE,-73.92532965699996,40.67117671300008
200725654,BROOKLYN,2019-08-05,FALSE,-73.92532965699996,40.67117671300008
200725655,BROOKLYN,2019-08-05,FALSE,-73.90753042499995,40.66276879000003
200781634,BRONX,2019-08-06,TRUE,-73.91795987299997,40.83202339900003
200839848,BROOKLYN,2019-08-06,FALSE,-73.90404371899996,40.670030723000025
200839849,QUEENS,2019-07-07,FALSE,-73.81585554699996,40.70059364700006
200856233,STATEN ISLAND,2019-08-08,FALSE,-74.16944046599997,40.635920155000065
200891279,BROOKLYN,2019-08-08,FALSE,-73.94142592799993,40.65120729100005
200899516,STATEN ISLAND,2019-08-06,FALSE,-74.08730369799997,40.63953612100005
200994112,QUEENS,2019-08-10,FALSE,-73.93628975799999,40.77533725100005
200994113,BRONX,2019-08-10,FALSE,-73.92115315899997,40.81698049900007
200994114,BROOKLYN,2019-08-11,FALSE,-73.87233008599999,40.66148833400007
200994114,BROOKLYN,2019-08-11,FALSE,-73.87233008599999,40.66148833400007
200994115,BRONX,2019-08-11,TRUE,-73.86725638199994,40.868589298000074
200994115,BRONX,2019-08-11,TRUE,-73.86725638199994,40.868589298000074
200994116,BROOKLYN,2019-08-11,FALSE,-73.91466441399996,40.60262202000007
200994118,BRONX,2019-08-10,FALSE,-73.88948015599993,40.83946764500007
200994119,MANHATTAN,2019-08-11,FALSE,-73.99212710599994,40.74095020200008
200994120,BROOKLYN,2019-08-11,FALSE,-73.90078062399994,40.67611878900004
200994120,BROOKLYN,2019-08-11,FALSE,-73.90078062399994,40.67611878900004
200995687,QUEENS,2019-08-11,FALSE,-73.79612347099999,40.68844743300008
200995688,BROOKLYN,2019-08-10,FALSE,-73.93927957999995,40.64433319500006
200995689,BROOKLYN,2019-08-11,FALSE,-73.87035888899999,40.669050834000075
201034736,MANHATTAN,2019-08-12,FALSE,-73.98711836899997,40.774289657000054
201034737,MANHATTAN,2019-08-12,FALSE,-73.93659275399995,40.79862965800004
201034738,BROOKLYN,2019-08-12,FALSE,-73.89809483699997,40.66177531300008
201034738,BROOKLYN,2019-08-12,FALSE,-73.89809483699997,40.66177531300008
201089979,QUEENS,2019-08-13,FALSE,-73.74271692699995,40.67763953700006
201089980,BRONX,2019-08-13,FALSE,-73.91011129699996,40.84676415200005
201089981,MANHATTAN,2019-08-13,FALSE,-73.94336254599995,40.82922409500003
201089982,BROOKLYN,2019-08-13,FALSE,-73.98372160599997,40.60894820900006
201089982,BROOKLYN,2019-08-13,FALSE,-73.98372160599997,40.60894820900006
201141629,BROOKLYN,2019-08-14,FALSE,-73.93172612599993,40.69601702500006
201141630,BROOKLYN,2019-08-14,TRUE,-73.88564701099995,40.68376185400006
201147236,BRONX,2019-08-15,TRUE,-73.89802453599998,40.82417939100003
201195511,MANHATTAN,2019-08-15,FALSE,-73.94500088299998,40.82502182700006
201291290,BRONX,2019-08-16,TRUE,-73.89130920299993,40.86565790600008
201291290,BRONX,2019-08-16,TRUE,-73.89130920299993,40.86565790600008
201291291,MANHATTAN,2019-08-16,FALSE,-73.96491942099993,40.796444818000055
201291292,BROOKLYN,2019-08-18,FALSE,-73.92024776699998,40.66486584400008
201291292,BROOKLYN,2019-08-18,FALSE,-73.92024776699998,40.66486584400008
201291293,BROOKLYN,2019-08-16,TRUE,-73.91572929199998,40.670167166000056
201291294,BROOKLYN,2019-08-16,FALSE,-73.88134988399997,40.66904446700005
201291295,BROOKLYN,2019-08-17,TRUE,-73.90955229099995,40.69151240700006
201291296,BRONX,2019-08-17,FALSE,-73.91810250599997,40.821465561000025
201291297,BRONX,2019-08-18,TRUE,-73.86450303599997,40.81572038000007
201291298,BRONX,2019-08-19,FALSE,-73.89466507699996,40.82880834000008
201339051,QUEENS,2019-08-20,TRUE,-73.77188339899999,40.66428433100003
201384509,QUEENS,2019-08-20,TRUE,-73.80059891599996,40.69382298600004
201384510,BROOKLYN,2019-08-20,TRUE,-73.98605540399996,40.57767478300008
201384969,BROOKLYN,2019-08-20,TRUE,-73.92117024099997,40.664730913000035
201436770,BROOKLYN,2019-08-21,FALSE,-73.91962987899996,40.66256524500005
201436771,BRONX,2019-08-21,FALSE,-73.86666128799999,40.855566931000055
201436772,STATEN ISLAND,2019-08-21,FALSE,-74.11896342799997,40.63441279500006
201483468,BRONX,2019-08-22,FALSE,-73.91333944299998,40.85454790600005
201483468,BRONX,2019-08-22,FALSE,-73.91333944299998,40.85454790600005
201483469,QUEENS,2019-08-22,FALSE,-73.76356138899996,40.66753734200006
201483470,MANHATTAN,2019-08-22,FALSE,-73.98307939999995,40.73066780900007
201573935,QUEENS,2019-08-25,TRUE,-73.88405877499997,40.73455764800008
201573936,BRONX,2019-08-25,TRUE,-73.87961084599993,40.87347931800008
201573937,BRONX,2019-08-23,FALSE,-73.91901592799996,40.80791834300004
201573937,BRONX,2019-08-23,FALSE,-73.91901592799996,40.80791834300004
201573938,QUEENS,2019-08-25,FALSE,-73.86075293099998,40.73817231700008
201573939,QUEENS,2019-08-25,FALSE,-73.86377323599999,40.75197547700003
201573940,MANHATTAN,2019-08-24,FALSE,-73.98901003699996,40.72229371700007
201573941,BROOKLYN,2019-08-25,FALSE,-73.99873173199995,40.60588157300003
201573942,BRONX,2019-08-24,FALSE,-73.86250966599994,40.880993068000066
201573943,BROOKLYN,2019-08-23,FALSE,-73.92146345599997,40.63630947300004
201573944,QUEENS,2019-08-24,FALSE,-73.79779584499994,40.69129071300006
201575313,BROOKLYN,2019-08-25,FALSE,-73.98652335599996,40.58338780200006
201575314,QUEENS,2019-08-23,FALSE,-73.80814071699996,40.697805308000056
201575315,MANHATTAN,2019-08-26,FALSE,-73.99033621399997,40.721351611000046
201613990,BRONX,2019-08-26,FALSE,-73.91509484499994,40.81264163700007
201613991,QUEENS,2019-08-26,TRUE,-73.75649486799995,40.672086369000056
201614529,QUEENS,2019-08-26,TRUE,-73.73494199899993,40.650926519000045
201664628,BROOKLYN,2019-08-27,FALSE,-73.93977448199996,40.660437441000056
201664629,BRONX,2019-08-27,FALSE,-73.91182094199996,40.83021194600008
201664630,QUEENS,2019-08-27,FALSE,-73.78727050899994,40.68249890900006
201664631,BRONX,2019-08-27,FALSE,-73.86804261699996,40.84145149700004
201720171,MANHATTAN,2019-08-28,FALSE,-73.95248416399994,40.80027269000004
201720172,BRONX,2019-08-28,FALSE,-73.90446458099996,40.86350711000006
201765787,QUEENS,2019-08-30,FALSE,-73.80035207899994,40.693686692000036
201765788,QUEENS,2019-08-29,FALSE,-73.79770578099993,40.70433647000005
201765788,QUEENS,2019-08-29,FALSE,-73.79770578099993,40.70433647000005
201851562,BROOKLYN,2019-08-30,FALSE,-73.87342829999993,40.68428026300006
201851563,BROOKLYN,2019-08-30,FALSE,-73.92697009899994,40.63805647100003
201851564,BRONX,2019-08-30,FALSE,-73.90982606999995,40.84486686500003
201851565,BROOKLYN,2019-08-30,FALSE,-73.90766851399997,40.69044130800006
201851566,QUEENS,2019-08-30,TRUE,-73.90447508499996,40.711938684000074
201851567,BROOKLYN,2019-08-31,FALSE,-74.00666114199998,40.64518588900006
201851568,QUEENS,2019-08-30,TRUE,-73.80393817599997,40.67458962200004
201852654,BRONX,2019-08-31,FALSE,-73.85205653599996,40.84262562200007
201852752,BROOKLYN,2019-08-31,FALSE,-73.93456572399998,40.688069692000056
201852779,QUEENS,2019-08-31,FALSE,-73.73324978499994,40.703936671000065
201852800,QUEENS,2019-09-01,FALSE,-73.78602574499998,40.592451366000034
201856914,BROOKLYN,2019-09-02,TRUE,-73.90652877299993,40.69577450700007
201858653,BROOKLYN,2019-09-02,TRUE,-73.95537071199993,40.63935418800003
201858653,BROOKLYN,2019-09-02,TRUE,-73.95537071199993,40.63935418800003
201858653,BROOKLYN,2019-09-02,FALSE,-73.95537071199993,40.63935418800003
201858653,BROOKLYN,2019-09-02,FALSE,-73.95537071199993,40.63935418800003
201858654,QUEENS,2019-09-02,TRUE,-73.82004575599996,40.69761867900007
201858654,QUEENS,2019-09-02,FALSE,-73.82004575599996,40.69761867900007
201858654,QUEENS,2019-09-02,FALSE,-73.82004575599996,40.69761867900007
201858654,QUEENS,2019-09-02,TRUE,-73.82004575599996,40.69761867900007
201875864,BRONX,2019-09-02,FALSE,-73.87989223599999,40.84118336900008
201875865,BRONX,2019-09-02,FALSE,-73.86299934399995,40.88323606400007
201875866,STATEN ISLAND,2019-09-02,TRUE,-74.11676658399995,40.610879854000075
201875867,BROOKLYN,2019-09-02,FALSE,-73.94909728199997,40.68639620700003
201875868,BRONX,2019-09-02,FALSE,-73.89291817099996,40.85451103100007
201982886,BRONX,2019-09-04,FALSE,-73.91569768199997,40.82441367200005
201982887,BROOKLYN,2019-09-04,FALSE,-73.90953095599997,40.67119127900003
201982888,BROOKLYN,2019-09-04,FALSE,-73.86697872099995,40.667134892000036
202038516,BROOKLYN,2019-09-05,TRUE,-73.95073221199993,40.64374309500005
202139599,BROOKLYN,2019-09-06,TRUE,-73.91252922899997,40.69205538500006
202139599,BROOKLYN,2019-09-06,TRUE,-73.91252922899997,40.69205538500006
202139996,BROOKLYN,2019-09-06,FALSE,-73.93510873499997,40.670817975000034
202139998,MANHATTAN,2019-09-07,FALSE,-73.95588199799994,40.81294930900003
202140604,QUEENS,2019-09-08,FALSE,-73.75863991699998,40.690861692000055
202244820,MANHATTAN,2019-09-10,FALSE,-73.93617414599998,40.792131364000056
202301559,QUEENS,2019-09-11,FALSE,-73.77927507499999,40.666015144000035
202302188,BROOKLYN,2019-09-11,FALSE,-73.91795327399996,40.65549865000003
202302189,BROOKLYN,2019-09-11,TRUE,-73.92363764499999,40.675081420000026
202325345,MANHATTAN,2019-09-12,TRUE,-73.94242183399996,40.82305732300006
202356981,BROOKLYN,2019-09-12,FALSE,-73.92546530099997,40.665926040000045
202356981,BROOKLYN,2019-09-12,FALSE,-73.92546530099997,40.665926040000045
202356982,BRONX,2019-09-12,FALSE,-73.85902409799996,40.88735629000007
202457199,BROOKLYN,2019-09-15,TRUE,-73.97163051899997,40.69703347500007
202457201,BROOKLYN,2019-09-14,FALSE,-73.91218157199995,40.69300682700003
202457202,MANHATTAN,2019-09-15,FALSE,-73.93760654199997,40.821026343000035
202457203,MANHATTAN,2019-09-14,TRUE,-73.93174671099996,40.852046201000064
202457204,BRONX,2019-09-13,FALSE,-73.90447442999994,40.82518828100007
202457205,BRONX,2019-09-15,FALSE,-73.89073828399995,40.86381258500006
202457206,BRONX,2019-09-15,FALSE,-73.86818046599996,40.82295411300004
202458696,BROOKLYN,2019-09-13,FALSE,-73.94909728199997,40.68639620700003
202504682,BROOKLYN,2019-09-16,FALSE,-73.97809388299999,40.69501546600003
202504683,MANHATTAN,2019-09-16,FALSE,-73.94109824099996,40.800930373000035
202504685,QUEENS,2019-09-17,FALSE,-73.90503472699999,40.74526385400003
202562770,BRONX,2019-09-17,FALSE,-73.91717129999995,40.82414361300005
202566072,STATEN ISLAND,2019-09-17,FALSE,-74.08244483799996,40.61787683000006
202578454,MANHATTAN,2019-09-18,FALSE,-73.95248416399994,40.80027269000004
202620767,BRONX,2019-09-18,FALSE,-73.91597878699997,40.834824239000056
202770945,BRONX,2019-09-22,TRUE,-73.91252834899996,40.82449532500005
202770947,BRONX,2019-09-22,FALSE,-73.83880736899994,40.81689422800008
202770948,BROOKLYN,2019-09-21,FALSE,-73.94846548699996,40.640474648000065
202770948,BROOKLYN,2019-09-21,FALSE,-73.94846548699996,40.640474648000065
202770948,BROOKLYN,2019-09-21,FALSE,-73.94846548699996,40.640474648000065
202770949,QUEENS,2019-09-21,TRUE,-73.75444613099995,40.68891449000006
202770950,QUEENS,2019-09-22,FALSE,-73.76598816099994,40.700315647000025
202770950,QUEENS,2019-09-22,FALSE,-73.76598816099994,40.700315647000025
202770951,BROOKLYN,2019-09-22,FALSE,-73.94682044299998,40.63870617100008
202804357,MANHATTAN,2019-09-23,FALSE,-73.94690845799994,40.79584734100007
202804357,MANHATTAN,2019-09-23,FALSE,-73.94690845799994,40.79584734100007
202804358,BROOKLYN,2019-09-23,FALSE,-73.95820727399996,40.640854422000075
202804358,BROOKLYN,2019-09-23,FALSE,-73.95820727399996,40.640854422000075
202804359,MANHATTAN,2019-09-23,FALSE,-73.95494146299995,40.82048710500004
202804360,BROOKLYN,2019-09-23,FALSE,-73.92053889299996,40.67918936600006
202807633,BRONX,2019-09-23,FALSE,-73.90311219499995,40.87004218100003
202853369,BRONX,2019-09-24,FALSE,-73.91799619999995,40.847994809000056
202853370,BRONX,2019-09-24,FALSE,-73.89071440599997,40.832416753000075
202853371,BROOKLYN,2019-09-24,FALSE,-73.92117363699998,40.67005535800007
202855057,BROOKLYN,2019-09-24,FALSE,-73.95177382999998,40.65775741600004
202900139,BROOKLYN,2019-09-25,FALSE,-73.89268817599998,40.64487925100008
202944931,MANHATTAN,2019-09-26,FALSE,-73.94616771899994,40.79963257900005
202944932,BRONX,2019-09-26,FALSE,-73.92442598799994,40.81252581900003
203041423,BROOKLYN,2019-09-27,FALSE,-73.89625582999997,40.667629616000056
203041423,BROOKLYN,2019-09-27,FALSE,-73.89625582999997,40.667629616000056
203041423,BROOKLYN,2019-09-27,FALSE,-73.89625582999997,40.667629616000056
203041424,BRONX,2019-09-29,TRUE,-73.84591809499994,40.886497606000034
203041425,BRONX,2019-09-29,FALSE,-73.90449187399997,40.862753928000075
203041427,QUEENS,2019-09-27,FALSE,-73.75907127899995,40.59368541500004
203041428,BROOKLYN,2019-09-26,FALSE,-73.98566520199995,40.694375240000056
203041429,STATEN ISLAND,2019-09-29,FALSE,-74.07804343999999,40.62157070600006
203041430,BRONX,2019-09-28,TRUE,-73.89660772999997,40.83855962300004
203041432,QUEENS,2019-09-27,FALSE,-73.77246483599998,40.59646224100004
203041432,QUEENS,2019-09-27,TRUE,-73.77246483599998,40.59646224100004
203041432,QUEENS,2019-09-27,FALSE,-73.77246483599998,40.59646224100004
203041432,QUEENS,2019-09-27,TRUE,-73.77246483599998,40.59646224100004
203042901,BROOKLYN,2019-09-27,FALSE,-73.87442945899994,40.67163411300004
203083804,MANHATTAN,2019-09-30,FALSE,-73.94719819999995,40.79966427700003
203083804,MANHATTAN,2019-09-30,TRUE,-73.94719819999995,40.79966427700003
203148056,QUEENS,2019-10-01,TRUE,-73.79572395699995,40.699021834000064
203207191,BRONX,2019-10-02,FALSE,-73.91457837499996,40.84297851900004
203207192,BROOKLYN,2019-10-02,FALSE,-73.92570667599995,40.681217348000075
203207193,BROOKLYN,2019-10-02,FALSE,-73.93909477899996,40.69579145800003
203211776,MANHATTAN,2019-10-03,TRUE,-73.93764029999994,40.84018489700003
203211777,BROOKLYN,2019-10-03,TRUE,-73.92620682999996,40.64465170600005
203259385,BROOKLYN,2019-10-03,TRUE,-73.94993629899993,40.682178631000056
203348698,MANHATTAN,2019-10-05,TRUE,-73.94565606899994,40.80033413100006
203348699,BRONX,2019-10-04,FALSE,-73.86663909499998,40.83350736700004
203348700,BRONX,2019-10-04,TRUE,-73.91770925599997,40.834516921000045
203348701,MANHATTAN,2019-10-06,FALSE,-73.94597158899995,40.79124000400003
203348703,BROOKLYN,2019-10-03,FALSE,-73.91249079999993,40.66123242000003
203348704,BRONX,2019-10-05,FALSE,-73.91550621499994,40.80091201100004
203348705,BROOKLYN,2019-10-06,FALSE,-73.94552436799995,40.640172009000025
203348706,BRONX,2019-10-05,FALSE,-73.84754299099995,40.85745373800006
203348707,BRONX,2019-10-05,FALSE,-73.90761858599996,40.81594606800007
203350417,BROOKLYN,2019-10-06,FALSE,-73.96007501899999,40.674885741000026
203350417,BROOKLYN,2019-10-06,FALSE,-73.96007501899999,40.674885741000026
203350418,BROOKLYN,2019-10-06,FALSE,-73.94938958399996,40.687863116000074
203394879,BRONX,2019-10-07,FALSE,-73.85414296999994,40.818246481000074
203394881,BROOKLYN,2019-10-07,FALSE,-73.99842510499997,40.57978079600008
203517392,QUEENS,2019-10-09,FALSE,-73.70659811199994,40.75353323300004
203517393,QUEENS,2019-10-09,TRUE,-73.70204616699993,40.74174860900007
203571464,BROOKLYN,2019-10-10,TRUE,-73.95996824599996,40.65606857200004
203676926,QUEENS,2019-10-11,FALSE,-73.78257211799996,40.68441902200004
203676927,MANHATTAN,2019-10-12,FALSE,-73.98564864699995,40.76292445400003
203676928,BROOKLYN,2019-10-12,FALSE,-73.93042149699994,40.676216356000054
203676928,BROOKLYN,2019-10-12,FALSE,-73.93042149699994,40.676216356000054
203676928,BROOKLYN,2019-10-12,FALSE,-73.93042149699994,40.676216356000054
203676928,BROOKLYN,2019-10-12,TRUE,-73.93042149699994,40.676216356000054
203676928,BROOKLYN,2019-10-12,TRUE,-73.93042149699994,40.676216356000054
203676928,BROOKLYN,2019-10-12,TRUE,-73.93042149699994,40.676216356000054
203676928,BROOKLYN,2019-10-12,FALSE,-73.93042149699994,40.676216356000054
203676928,BROOKLYN,2019-10-12,FALSE,-73.93042149699994,40.676216356000054
203676928,BROOKLYN,2019-10-12,FALSE,-73.93042149699994,40.676216356000054
203676928,BROOKLYN,2019-10-12,TRUE,-73.93042149699994,40.676216356000054
203676928,BROOKLYN,2019-10-12,TRUE,-73.93042149699994,40.676216356000054
203676928,BROOKLYN,2019-10-12,TRUE,-73.93042149699994,40.676216356000054
203676929,MANHATTAN,2019-10-13,FALSE,-73.97634911099993,40.744099446000064
203676930,MANHATTAN,2019-10-12,TRUE,-73.94941908799996,40.807323446000055
203676931,MANHATTAN,2019-10-11,FALSE,-74.00123982199995,40.748954714000035
203676932,BROOKLYN,2019-10-13,FALSE,-73.93280863699994,40.694264056000065
203676932,BROOKLYN,2019-10-13,FALSE,-73.93280863699994,40.694264056000065
203678796,BRONX,2019-10-12,FALSE,-73.90728113499995,40.830612073000054
203778568,BROOKLYN,2019-10-15,FALSE,-73.91761383099998,40.622837232000045
203883813,QUEENS,2019-10-17,FALSE,-73.74867583399998,40.658182976000035
203980164,MANHATTAN,2019-10-18,TRUE,-73.94106392399993,40.810877798000035
203980164,MANHATTAN,2019-10-18,TRUE,-73.94106392399993,40.810877798000035
203980165,QUEENS,2019-10-19,FALSE,-73.80782588899996,40.70466920300004
204020534,MANHATTAN,2019-10-21,FALSE,-73.98711836899997,40.774289657000054
204039257,QUEENS,2019-10-22,FALSE,-73.86297404899994,40.684070793000046
204054325,BRONX,2019-04-21,TRUE,-73.88586040199993,40.88007139000007
204138620,QUEENS,2019-10-23,TRUE,-73.77997803999995,40.67617271100005
204154391,MANHATTAN,2019-10-23,FALSE,-74.00539165099997,40.74347045600006
204192600,STATEN ISLAND,2019-10-24,TRUE,-74.16610740199997,40.63806432600006
204192601,BRONX,2019-10-24,FALSE,-73.91244672199997,40.855640996000034
204192603,BROOKLYN,2019-10-24,FALSE,-73.86364087499999,40.66940550700008
204294839,QUEENS,2019-10-25,FALSE,-73.80957660899996,40.589965482000025
204294840,QUEENS,2019-10-26,TRUE,-73.78467642099997,40.683729750000055
204294841,BRONX,2019-10-25,FALSE,-73.89878863999996,40.857790720000025
204294841,BRONX,2019-10-25,FALSE,-73.89878863999996,40.857790720000025
204294841,BRONX,2019-10-25,FALSE,-73.89878863999996,40.857790720000025
204294842,BROOKLYN,2019-10-27,FALSE,-73.94822225199994,40.68200062000005
204294843,BROOKLYN,2019-10-26,FALSE,-73.87074275399993,40.684071119000066
204294844,BROOKLYN,2019-10-27,FALSE,-73.90565662599994,40.66304419200003
204294845,BRONX,2019-10-26,FALSE,-73.89337329799997,40.84640903700006
204294846,BRONX,2019-10-27,FALSE,-73.91862684399995,40.83088657300004
204294847,BRONX,2019-10-25,FALSE,-73.85484411899995,40.89867122900006
204294847,BRONX,2019-10-25,FALSE,-73.85484411899995,40.89867122900006
204296334,BROOKLYN,2019-10-26,FALSE,-73.90371014999994,40.64639409400007
204338715,BROOKLYN,2019-10-28,FALSE,-73.91942109599995,40.67483370200006
204338716,MANHATTAN,2019-10-28,FALSE,-73.93671563499998,40.811131309000075
204338717,QUEENS,2019-10-28,FALSE,-73.79997184399997,40.706388031000074
204340073,BRONX,2019-10-28,FALSE,-73.91132753399995,40.83626610600004
204396946,QUEENS,2019-10-29,FALSE,-73.76645795299999,40.68601771700003
204398628,BROOKLYN,2019-10-29,FALSE,-73.98380700399997,40.701407302000064
204424712,BRONX,2019-10-30,FALSE,-73.89149479799994,40.86976530700008
204434559,BROOKLYN,2019-10-31,TRUE,-73.90952164599997,40.69034602600004
204434560,BRONX,2019-10-31,FALSE,-73.89630022299997,40.86890583100006
204434561,BRONX,2019-10-31,FALSE,-73.90452671999998,40.82305602100007
204434561,BRONX,2019-10-31,FALSE,-73.90452671999998,40.82305602100007
204458415,MANHATTAN,2019-11-02,FALSE,-73.94763400399995,40.78946330000008
204458416,BRONX,2019-11-01,FALSE,-73.90941998599999,40.844315289000065
204458418,QUEENS,2019-11-03,FALSE,-73.76193003099996,40.597282912000026
204458419,BRONX,2019-11-02,FALSE,-73.85069555199993,40.88007341300005
204458420,BROOKLYN,2019-11-02,TRUE,-73.94072474599993,40.71054825900006
204458421,BROOKLYN,2019-11-03,FALSE,-73.96221290099999,40.693869310000025
204458422,STATEN ISLAND,2019-11-02,FALSE,-74.07721729799994,40.64502300300006
204458423,BROOKLYN,2019-11-02,FALSE,-73.95270154099995,40.69607872100005
204464564,BRONX,2019-11-04,FALSE,-73.91375938199997,40.820789767000065
204464564,BRONX,2019-11-04,FALSE,-73.91375938199997,40.820789767000065
204464564,BRONX,2019-11-04,TRUE,-73.91375938199997,40.820789767000065
204464564,BRONX,2019-11-04,TRUE,-73.91375938199997,40.820789767000065
204468719,QUEENS,2019-11-04,FALSE,-73.94342211899993,40.75544249100005
204480329,BROOKLYN,2019-11-05,FALSE,-73.98373210999995,40.69979933000008
204480329,BROOKLYN,2019-11-05,FALSE,-73.98373210999995,40.69979933000008
204493622,BRONX,2019-11-06,FALSE,-73.86688083899996,40.86970450000006
204493623,QUEENS,2019-11-05,FALSE,-73.78410196999994,40.689657398000065
204493624,BROOKLYN,2019-11-06,FALSE,-73.93596122499997,40.67651600800008
204493625,BROOKLYN,2019-11-06,FALSE,-73.99470235199993,40.66705697900005
204971620,BROOKLYN,2019-11-10,FALSE,-73.94546506699999,40.66423549600006
204971621,BRONX,2019-11-10,FALSE,-73.91327951999995,40.83119531600005
204971623,MANHATTAN,2019-11-10,FALSE,-73.95505746899994,40.764068003000034
204971624,MANHATTAN,2019-11-10,FALSE,-73.92766491199995,40.865875251000034
204971624,MANHATTAN,2019-11-10,FALSE,-73.92766491199995,40.865875251000034
204971624,MANHATTAN,2019-11-10,FALSE,-73.92766491199995,40.865875251000034
204971625,BROOKLYN,2019-11-10,FALSE,-73.92700836299997,40.620162047000065
204971625,BROOKLYN,2019-11-10,TRUE,-73.92700836299997,40.620162047000065
204971625,BROOKLYN,2019-11-10,TRUE,-73.92700836299997,40.620162047000065
204971625,BROOKLYN,2019-11-10,FALSE,-73.92700836299997,40.620162047000065
205065107,BRONX,2019-11-12,FALSE,-73.91717129999995,40.82414361300005
205124100,BRONX,2019-11-13,FALSE,-73.87487738199997,40.83064151000008
205124101,BROOKLYN,2019-11-13,FALSE,-73.88941906399998,40.63827124900007
205177554,MANHATTAN,2019-11-14,FALSE,-73.93614665999996,40.80925862200007
205177554,MANHATTAN,2019-11-14,FALSE,-73.93614665999996,40.80925862200007
205177555,MANHATTAN,2019-11-14,TRUE,-73.92629708499999,40.862256614000046
205177556,BRONX,2019-11-14,FALSE,-73.92671649599998,40.83289520900007
205280238,BRONX,2019-11-15,TRUE,-73.91792721899998,40.84934073900007
205280612,BROOKLYN,2019-11-16,TRUE,-73.95861495499997,40.689048942000056
205280613,MANHATTAN,2019-11-17,FALSE,-73.94275038599993,40.79708909900006
205280614,BRONX,2019-11-15,FALSE,-73.90620682599994,40.83026386800003
205280615,BRONX,2019-11-17,FALSE,-73.86762585699995,40.81636721700005
205280615,BRONX,2019-11-17,TRUE,-73.86762585699995,40.81636721700005
205280617,BROOKLYN,2019-11-17,FALSE,-74.02093917799994,40.64696571300004
205332522,BROOKLYN,2019-11-19,TRUE,-73.89424209699996,40.665532658000075
205437641,BROOKLYN,2019-11-20,FALSE,-73.92545925099995,40.68000807100003
205437642,BRONX,2019-11-20,FALSE,-73.91710900199996,40.83427204000003
205437642,BRONX,2019-11-20,TRUE,-73.91710900199996,40.83427204000003
205437642,BRONX,2019-11-20,TRUE,-73.91710900199996,40.83427204000003
205437642,BRONX,2019-11-20,FALSE,-73.91710900199996,40.83427204000003
205437643,STATEN ISLAND,2019-11-20,FALSE,-74.10082612899998,40.58685679800004
205493216,BRONX,2019-11-21,FALSE,-73.84754299099995,40.85745373800006
205599330,BROOKLYN,2019-11-23,FALSE,-73.91220806199993,40.64584323100007
205599330,BROOKLYN,2019-11-23,FALSE,-73.91220806199993,40.64584323100007
205645837,QUEENS,2019-11-25,FALSE,-73.93268571799995,40.77270715700007
205705081,BROOKLYN,2019-11-26,FALSE,-73.93595470099996,40.68753382700004
205719913,BRONX,2019-11-27,FALSE,-73.86065859699994,40.88745837000005
205748546,BRONX,2019-11-27,FALSE,-73.91857061799993,40.81869973000005
205748546,BRONX,2019-11-27,FALSE,-73.91857061799993,40.81869973000005
205748546,BRONX,2019-11-27,FALSE,-73.91857061799993,40.81869973000005
205748546,BRONX,2019-11-27,FALSE,-73.91857061799993,40.81869973000005
205748548,BRONX,2019-11-27,FALSE,-73.89294648299995,40.82414626900004
205748548,BRONX,2019-11-27,FALSE,-73.89294648299995,40.82414626900004
205748549,QUEENS,2019-11-27,FALSE,-73.77514452399998,40.672593988000074
205748550,BRONX,2019-11-27,FALSE,-73.82694698699999,40.83080006900008
205748550,BRONX,2019-11-27,FALSE,-73.82694698699999,40.83080006900008
205771021,BRONX,2019-11-28,FALSE,-73.90590549599995,40.877413741000055
205771022,BROOKLYN,2019-11-28,FALSE,-73.88319064899997,40.66797357100006
205862270,BRONX,2019-11-30,TRUE,-73.92249415299995,40.84511915000007
205862271,STATEN ISLAND,2019-12-01,FALSE,-74.17683859399995,40.540595273000065
205862272,BRONX,2019-11-29,FALSE,-73.89981482299999,40.825860556000066
205862273,BROOKLYN,2019-11-29,FALSE,-73.98322537599995,40.69543880800006
205862274,BROOKLYN,2019-12-01,FALSE,-73.92594214299999,40.69056285100004
205862275,QUEENS,2019-12-01,FALSE,-73.94260602599996,40.75742782500003
205862276,BROOKLYN,2019-12-01,FALSE,-73.92313814899995,40.67896052800006
205908100,BROOKLYN,2019-12-02,FALSE,-73.92753920499996,40.64341143900003
205908101,BROOKLYN,2019-12-02,FALSE,-73.91938390099995,40.675221247000025
205974388,BROOKLYN,2019-12-03,FALSE,-73.93488836999995,40.639447345000065
205974389,BRONX,2019-12-03,FALSE,-73.88955762299997,40.84464390100004
206032523,BROOKLYN,2019-12-04,FALSE,-73.94543852399994,40.65289297500004
206032523,BROOKLYN,2019-12-04,FALSE,-73.94543852399994,40.65289297500004
206032524,QUEENS,2019-12-04,FALSE,-73.88615590599994,40.73837623700006
206090803,BRONX,2019-12-05,FALSE,-73.91400489699998,40.82389139600008
206090803,BRONX,2019-12-05,FALSE,-73.91400489699998,40.82389139600008
206195056,BROOKLYN,2019-12-06,FALSE,-73.87604456199995,40.66794413500003
206195057,BRONX,2019-12-07,FALSE,-73.92313138099996,40.80877721400003
206195058,BROOKLYN,2019-12-07,TRUE,-73.96020124799996,40.65139085800007
206195060,QUEENS,2019-12-07,FALSE,-73.86223992399994,40.749926026000026
206196588,BROOKLYN,2019-12-06,FALSE,-73.92948405699997,40.671406122000064
206196589,BRONX,2019-12-08,FALSE,-73.83064186799999,40.88784203000006
206311359,STATEN ISLAND,2019-12-10,TRUE,-74.08204996599994,40.618792159000066
206311807,BRONX,2019-12-10,FALSE,-73.88842801999994,40.84687919500004
206311808,STATEN ISLAND,2019-12-10,FALSE,-74.11191860399998,40.56539556700005
206311808,STATEN ISLAND,2019-12-10,FALSE,-74.11191860399998,40.56539556700005
206311808,STATEN ISLAND,2019-12-10,FALSE,-74.11191860399998,40.56539556700005
206316192,BROOKLYN,2019-12-11,TRUE,-73.98988199199994,40.57503125100004
206367551,BRONX,2019-12-06,FALSE,-73.84836422499995,40.885618856000065
206524906,BRONX,2019-12-14,FALSE,-73.89455892399997,40.86857557700006
206526479,MANHATTAN,2019-12-15,FALSE,-73.95276183299995,40.805036364000046
206526480,BROOKLYN,2019-12-15,FALSE,-73.94749773399997,40.69407582900004
206570260,MANHATTAN,2019-12-16,FALSE,-73.93613797599994,40.79501301200003
206570261,STATEN ISLAND,2019-12-16,TRUE,-74.10713847699998,40.634711423000056
206681438,MANHATTAN,2019-12-18,FALSE,-73.94436738999997,40.80941341300007
206681439,QUEENS,2019-12-18,TRUE,-73.81260419399996,40.58739960400004
206703579,MANHATTAN,2019-12-19,FALSE,-73.95723931799995,40.80186520800004
206729523,QUEENS,2019-12-19,FALSE,-73.75618326799997,40.67337996200007
206729524,BROOKLYN,2019-12-19,TRUE,-73.92103026199999,40.66194182000004
206821819,BRONX,2019-12-20,FALSE,-73.86712890399997,40.87233562100005
206821821,BROOKLYN,2019-12-21,FALSE,-73.97305570499998,40.67800757700007
206823155,BROOKLYN,2019-12-21,FALSE,-73.95785891099996,40.652223494000054
206823156,BRONX,2019-12-21,FALSE,-73.92782678899994,40.81874059000006
206824627,BRONX,2019-12-23,FALSE,-73.90031727999997,40.84757771500006
206824627,BRONX,2019-12-23,FALSE,-73.90031727999997,40.84757771500006
206832369,BROOKLYN,2019-12-23,FALSE,-73.99842510499997,40.57978079600008
206832369,BROOKLYN,2019-12-23,FALSE,-73.99842510499997,40.57978079600008
206832555,BROOKLYN,2019-12-23,FALSE,-73.90872347899995,40.66179281500007
206832556,QUEENS,2019-12-23,FALSE,-73.77391628999999,40.67912609800004
206838693,BROOKLYN,2019-12-24,FALSE,-73.92412124599997,40.66829030300005
206843363,BROOKLYN,2019-12-25,FALSE,-73.94787054699998,40.70412913900003
206843560,BRONX,2019-12-25,FALSE,-73.89332982299999,40.82041067500006
206843561,BROOKLYN,2019-12-25,FALSE,-73.95440410199996,40.64174674800006
206847122,QUEENS,2019-12-26,FALSE,-73.92389594199996,40.753007291000074
206873498,BROOKLYN,2019-12-27,FALSE,-73.90764006599994,40.66883904500003
206873499,QUEENS,2019-12-27,FALSE,-73.75105155499995,40.706809158000056
206873686,MANHATTAN,2019-12-28,FALSE,-73.93986953799998,40.79415034300007
206873687,BRONX,2019-12-27,TRUE,-73.90478427499994,40.85406319800006
206873688,BROOKLYN,2019-12-28,FALSE,-73.87342829999993,40.68428026300006
206874852,BROOKLYN,2019-12-29,FALSE,-73.95718120199996,40.67286214400008
206874854,STATEN ISLAND,2019-12-28,FALSE,-74.16084415399996,40.62657193900003
206875589,BROOKLYN,2019-12-30,FALSE,-73.91937078599994,40.686815508000045
206875589,BROOKLYN,2019-12-30,FALSE,-73.91937078599994,40.686815508000045
206882664,BROOKLYN,2019-12-30,FALSE,-73.93964655399998,40.65692246700007
206890929,MANHATTAN,2019-12-31,TRUE,-73.95338963899997,40.80024342500008
206891917,BROOKLYN,2019-12-31,FALSE,-73.91715616699997,40.66052660500003
209536032,BRONX,2019-11-21,FALSE,-73.84606165999996,40.903956747000045
