uid,offense_date,longitude,latitude
20233845,2016-01-01T22:55:00Z,-73.856146,40.687141
20236328,2016-01-04T04:25:00Z,-73.901324,40.883928
20236496,2016-01-04T11:00:00Z,-73.845604,40.873602
20238532,2016-01-06T08:21:00Z,-73.938614,40.674602
20243512,2016-01-09T23:22:00Z,-73.925946,40.661562000000004
20243808,2016-01-10T03:32:00Z,-73.930627,40.683276
20244660,2016-01-10T22:06:00Z,-74.006945,40.676232
20245002,2016-01-11T07:40:00Z,-73.837065,40.676487
20245069,2016-01-11T09:08:00Z,-73.894588,40.681907
20245307,2016-01-11T13:29:00Z,-73.920784,40.679908
20247778,2016-01-13T14:48:00Z,-73.894042,40.66476
20248979,2016-01-14T14:36:00Z,-74.230271,40.548991
20251027,2016-01-16T00:40:00Z,-74.120479,40.606405
20251761,2016-01-16T15:15:00Z,-73.894823,40.66108
20253446,2016-01-17T21:17:00Z,-73.999825,40.576124
20256619,2016-01-20T16:35:00Z,-73.948197,40.70686
20258206,2016-01-21T20:30:00Z,-73.892896,40.857923
20258696,2016-01-22T09:07:00Z,-73.878557,40.684792
20260252,2016-01-23T19:54:00Z,-74.0019,40.64459
20260879,2016-01-24T16:07:00Z,-73.922315,40.811393
20263682,2016-01-27T10:50:00Z,-73.7647,40.596214
20264542,2016-01-27T23:40:00Z,-73.938145,40.803394
20275744,2016-02-05T19:15:00Z,-73.925436,40.827669
20275872,2016-02-05T21:35:00Z,-73.792131,40.750332
20278528,2016-02-08T02:21:00Z,-73.868945,40.853064
20280949,2016-02-10T08:54:00Z,-74.146612,40.608392
20280950,2016-02-10T08:54:00Z,-74.146612,40.608392
20280951,2016-02-10T08:54:00Z,-74.146612,40.608392
20282999,2016-02-11T21:39:00Z,-73.888307,40.662693
20284457,2016-02-13T03:00:00Z,-73.942157,40.81758
20285082,2016-02-13T17:45:00Z,-73.901703,40.642007
20287132,2016-02-15T18:50:00Z,-73.92453,40.651493
20287266,2016-02-15T21:20:00Z,-74.007499,40.637484
20288205,2016-02-16T19:20:00Z,-73.927993,40.685078
20289129,2016-02-17T15:00:00Z,-74.134283,40.636744
20294490,2016-02-21T22:03:00Z,-74.083157,40.608883
20295312,2016-02-22T16:20:00Z,-73.914766,40.810328
20298845,2016-02-25T17:10:00Z,-73.896254,40.66763
20305152,2016-03-01T20:00:00Z,-73.900591,40.853587
20307919,2016-03-04T00:13:00Z,-74.121501,40.600206
20308136,2016-03-04T06:01:00Z,-73.849642,40.82098
20308424,2016-03-04T13:40:00Z,-73.892484,40.871061
20309198,2016-03-05T01:45:00Z,-73.91045,40.745223
20311048,2016-03-06T14:55:00Z,-73.911444,40.768941
20311322,2016-03-06T19:20:00Z,-73.766488,40.699694
20311828,2016-03-07T07:50:00Z,-73.924207,40.81219
20314282,2016-03-09T04:20:00Z,-73.920308,40.860928
20315366,2016-03-09T21:57:00Z,-73.935256,40.851112
20315612,2016-03-10T02:06:00Z,-74.094684,40.590092
20316866,2016-03-10T23:30:00Z,-73.958199,40.671657
20318082,2016-03-11T20:45:00Z,-73.758146,40.692831
20318969,2016-03-12T12:20:00Z,-74.162631,40.586104
20320697,2016-03-13T20:23:00Z,-74.00527,40.644802
20320780,2016-03-13T22:07:00Z,-73.863854,40.880399
20321462,2016-03-14T14:39:00Z,-73.8873,40.631766
20324359,2016-03-16T19:44:00Z,-73.968377,40.766407
20324438,2016-03-16T20:53:00Z,-73.951088,40.80262
20325291,2016-03-17T15:00:00Z,-73.866536,40.82318
20326087,2016-03-18T02:58:00Z,-73.906344,40.811112
20327395,2016-03-19T01:50:00Z,-73.807385,40.673568
20334273,2016-03-24T17:07:00Z,-73.888389,40.674325
20334368,2016-03-24T18:11:00Z,-74.163427,40.633487
20334369,2016-03-24T18:11:00Z,-74.163427,40.633487
20335507,2016-03-25T16:45:00Z,-73.9412,40.796341
20344173,2016-04-01T13:10:00Z,-73.990801,40.725981
20344862,2016-04-01T22:40:00Z,-73.990927,40.574825
20346564,2016-04-03T04:50:00Z,-73.958539,40.658197
20347624,2016-04-04T08:10:00Z,-73.99648,40.661822
20353482,2016-04-08T21:13:00Z,-73.893695,40.857429
20353824,2016-04-09T02:03:00Z,-73.896775,40.739096
20354908,2016-04-09T23:05:00Z,-73.908552,40.816068
20357442,2016-04-12T00:15:00Z,-73.950285,40.783898
20360049,2016-04-13T21:55:00Z,-73.891673,40.665114
20360252,2016-04-14T01:34:00Z,-74.118653,40.636819
20361385,2016-04-14T21:44:00Z,-73.97782,40.727607
20361458,2016-04-14T23:02:00Z,-73.943408,40.833451
20361507,2016-04-15T00:00:00Z,-73.974261,40.740825
20363253,2016-04-16T04:45:00Z,-73.767495,40.7035
20364396,2016-04-17T01:11:00Z,-73.9327,40.801387
20365463,2016-04-17T21:32:00Z,-73.867626,40.816366
20365776,2016-04-18T05:17:00Z,-73.93493,40.847689
20366932,2016-04-19T00:03:00Z,-73.90005,40.869589
20368091,2016-04-19T21:40:00Z,-73.919234,40.686082
20370371,2016-04-21T14:22:00Z,-73.925616,40.689098
20372799,2016-04-23T05:44:00Z,-73.908804,40.835578
20374496,2016-04-24T14:08:00Z,-73.898794,40.872845
20376697,2016-04-26T10:49:00Z,-73.91309,40.699837
20378630,2016-04-27T21:00:00Z,-73.893328,40.820411
20378957,2016-04-28T03:14:00Z,-73.893447,40.861063
20380458,2016-04-29T09:30:00Z,-73.893849,40.663996
20384179,2016-05-02T09:22:00Z,-73.934901,40.57851
20385338,2016-05-03T09:00:00Z,-73.915596,40.836678
20386499,2016-05-04T04:56:00Z,-73.886542,40.814822
20390087,2016-05-06T20:13:00Z,-73.792741,40.696977
20391530,2016-05-07T22:15:00Z,-73.918019,40.817755
20391635,2016-05-07T23:43:00Z,-73.908019,40.689491
20391769,2016-05-08T01:28:00Z,-73.881512,40.671412
20394033,2016-05-09T19:40:00Z,-73.901353,40.857082
20395780,2016-05-11T04:05:00Z,-73.907277,40.818414
20396687,2016-05-11T18:02:00Z,-73.883312,40.868587
20396961,2016-05-11T21:50:00Z,-73.911108,40.841695
20398362,2016-05-12T21:09:00Z,-73.912627,40.637223
20400142,2016-05-14T04:25:00Z,-73.958,40.654952
20400299,2016-05-14T09:27:00Z,-74.130418,40.558014
20404067,2016-05-17T00:37:00Z,-73.815228,40.844606
20406528,2016-05-18T18:35:00Z,-73.949609,40.642043
20406799,2016-05-18T22:51:00Z,-73.919937,40.655621
20406984,2016-05-19T02:08:00Z,-74.00241,40.676065
20407727,2016-05-19T16:04:00Z,-73.863235,40.85964
20407881,2016-05-19T18:17:00Z,-73.758181,40.68407
20408474,2016-05-20T06:38:00Z,-74.16448,40.638335
20416117,2016-05-25T21:15:00Z,-73.988054,40.734983
20416433,2016-05-26T03:10:00Z,-73.754848,40.605163
20417487,2016-05-26T20:50:00Z,-73.919045,40.829363
20417875,2016-05-27T04:30:00Z,-73.847272,40.887314
20419399,2016-05-28T05:58:00Z,-73.980488,40.685651
20420449,2016-05-29T00:29:00Z,-73.884174,40.852842
20420846,2016-05-29T09:16:00Z,-73.948268,40.638614
20422766,2016-05-30T20:44:00Z,-73.88881,40.85412
20422986,2016-05-31T00:39:00Z,-73.932338,40.670668
20423851,2016-05-31T16:56:00Z,-73.942377,40.637804
20425755,2016-06-01T21:38:00Z,-73.949431,40.696494
20427394,2016-06-03T00:52:00Z,-73.976342,40.722273
20429055,2016-06-04T04:50:00Z,-73.965804,40.708909
20430090,2016-06-04T23:36:00Z,-73.936136,40.67967
20430363,2016-06-05T03:48:00Z,-73.923943,40.670207
20432611,2016-06-06T20:34:00Z,-73.999543,40.693066
20433852,2016-06-07T20:04:00Z,-73.938446,40.684999
20439212,2016-06-11T20:39:00Z,-73.906482,40.846742
20439249,2016-06-11T21:15:00Z,-73.907261,40.816806
20439337,2016-06-11T22:35:00Z,-73.897877,40.820261
20439549,2016-06-12T01:58:00Z,-73.881512,40.671412
20440402,2016-06-12T18:15:00Z,-73.864353,40.745433
20443739,2016-06-15T05:40:00Z,-73.861444,40.886052
20444447,2016-06-15T16:54:00Z,-73.912557,40.680096
20444474,2016-06-15T17:12:00Z,-73.845738,40.786007
20444487,2016-06-15T17:21:00Z,-73.981692,40.699696
20444804,2016-06-15T21:27:00Z,-73.922538,40.666232
20447681,2016-06-17T22:18:00Z,-73.910443,40.847277
20447963,2016-06-18T02:27:00Z,-73.894856,40.8251
20449856,2016-06-19T13:26:00Z,-73.867096,40.680495
20450102,2016-06-19T17:25:00Z,-73.895006,40.860656
20451325,2016-06-20T15:52:00Z,-73.864958,40.827872
20455519,2016-06-23T15:42:00Z,-73.825564,40.872596
20455942,2016-06-23T21:48:00Z,-73.906209,40.671097
20455986,2016-06-23T22:17:00Z,-73.940405,40.817258
20458784,2016-06-25T23:01:00Z,-73.819156,40.709186
20459224,2016-06-26T07:15:00Z,-73.958294,40.669788
20459964,2016-06-26T19:30:00Z,-73.927993,40.685078
20464054,2016-06-29T20:17:00Z,-73.90892,40.85066
20464077,2016-06-29T20:45:00Z,-73.896646,40.663579
20464153,2016-06-29T21:48:00Z,-73.921496,40.675728
20464352,2016-06-30T01:27:00Z,-73.863171,40.67087
20465283,2016-06-30T18:02:00Z,-74.010549,40.62076
20469314,2016-07-03T15:40:00Z,-73.900781,40.814001
20469343,2016-07-03T16:00:00Z,-73.912878,40.691103
20469787,2016-07-03T23:06:00Z,-73.893069,40.676152
20469955,2016-07-04T01:53:00Z,-73.905032,40.842272
20470457,2016-07-04T13:40:00Z,-73.767816,40.682808
20471206,2016-07-05T01:05:00Z,-73.950482,40.801064
20476422,2016-07-09T01:11:00Z,-73.833004,40.884431
20477647,2016-07-09T23:40:00Z,-73.957086,40.680536
20478170,2016-07-10T11:00:00Z,-74.075033,40.62561
20484071,2016-07-14T23:14:00Z,-73.826891,40.68214
20484290,2016-07-15T03:03:00Z,-73.908925,40.670138
20484291,2016-07-15T03:03:00Z,-73.908925,40.670138
20485606,2016-07-16T01:17:00Z,-73.864503,40.81572
20487072,2016-07-17T01:17:00Z,-73.944873,40.651999000000004
20487193,2016-07-17T03:11:00Z,-73.914348,40.764694
20488751,2016-07-18T11:12:00Z,-73.773652,40.67279
20490643,2016-07-19T19:17:00Z,-74.006577,40.675008
20490862,2016-07-19T22:53:00Z,-73.920141,40.819856
20490973,2016-07-20T00:25:00Z,-73.945059,40.689111
20492274,2016-07-20T23:02:00Z,-73.975126,40.695141
20492507,2016-07-21T05:00:00Z,-73.913178,40.83974
20494176,2016-07-22T11:00:00Z,-73.822805,40.750295
20494689,2016-07-22T18:19:00Z,-74.027852,40.618091
20495128,2016-07-23T00:45:00Z,-73.927708,40.831581
20497977,2016-07-25T01:44:00Z,-73.869305,40.870142
20498087,2016-07-25T04:05:00Z,-73.907459,40.845985
20498088,2016-07-25T04:05:00Z,-73.907459,40.845985
20498978,2016-07-25T20:37:00Z,-73.793765,40.69239
20501871,2016-07-27T22:40:00Z,-73.831774,40.764463
20502990,2016-07-28T19:00:00Z,-73.836637,40.689524
20504603,2016-07-30T00:20:00Z,-73.923789,40.681803
20504943,2016-07-30T06:20:00Z,-73.926701,40.738839
20508083,2016-08-01T18:15:00Z,-73.809998,40.736984
20508417,2016-08-02T00:08:00Z,-73.924745,40.6847
20509247,2016-08-02T16:40:00Z,-73.885739,40.842329
20509639,2016-08-02T22:39:00Z,-73.853205,40.653815
20509782,2016-08-03T01:05:00Z,-73.85081,40.836843
20510413,2016-08-03T14:25:00Z,-73.93681,40.794094
20510890,2016-08-03T21:18:00Z,-73.955777,40.649091
20511072,2016-08-04T00:46:00Z,-74.075678,40.641738
20512033,2016-08-04T18:50:00Z,-73.938282,40.62396
20512071,2016-08-04T19:21:00Z,-73.86929,40.668409
20515256,2016-08-07T00:30:00Z,-73.912536,40.674063
20515332,2016-08-07T01:20:00Z,-73.905547,40.828494
20515670,2016-08-07T08:15:00Z,-73.939773,40.660437
20517860,2016-08-08T22:43:00Z,-73.918631,40.805182
20517947,2016-08-09T00:08:00Z,-73.889511,40.869302
20519017,2016-08-09T20:03:00Z,-73.887611,40.842416
20519204,2016-08-09T23:31:00Z,-73.915235,40.674993
20521258,2016-08-11T12:29:00Z,-73.887508,40.818407
20522005,2016-08-11T23:51:00Z,-73.908043,40.690655
20524033,2016-08-13T12:45:00Z,-73.858593,40.679412
20524038,2016-08-13T12:45:00Z,-73.858593,40.679412
20524837,2016-08-14T00:50:00Z,-73.932141,40.640791
20524851,2016-08-14T00:59:00Z,-73.831613,40.689819
20525041,2016-08-14T03:38:00Z,-73.918187,40.819597
20528624,2016-08-16T19:14:00Z,-73.930575,40.6746
20528777,2016-08-16T21:24:00Z,-73.923217,40.659115
20530152,2016-08-17T20:20:00Z,-73.911329,40.836266
20532529,2016-08-19T15:13:00Z,-73.917477,40.847112
20532666,2016-08-19T17:07:00Z,-73.832479,40.689568
20534490,2016-08-20T22:44:00Z,-73.936721,40.819779
20534630,2016-08-21T00:33:00Z,-73.984064,40.595792
20535931,2016-08-22T00:15:00Z,-73.942943,40.629598
20544322,2016-08-28T01:11:00Z,-73.902616,40.643506
20544337,2016-08-28T01:23:00Z,-73.977462,40.69726
20544462,2016-08-28T02:40:00Z,-73.932083,40.673341
20545015,2016-08-28T13:45:00Z,-73.94132,40.816005
20546144,2016-08-29T11:20:00Z,-73.994427,40.639164
20549415,2016-08-31T20:15:00Z,-73.803872,40.71074
20550106,2016-09-01T11:29:00Z,-73.920738,40.615913
20550712,2016-09-01T21:27:00Z,-73.945846,40.674987
20551845,2016-09-02T18:30:00Z,-73.946103,40.62809
20552441,2016-09-03T03:02:00Z,-73.927185,40.675646
20552443,2016-09-03T03:02:00Z,-73.927185,40.675646
20552604,2016-09-03T07:10:00Z,-73.915558,40.806898
20553155,2016-09-03T17:23:00Z,-73.935433,40.832942
20553356,2016-09-03T20:25:00Z,-73.812429,40.702846
20553579,2016-09-04T00:00:00Z,-73.890521,40.640366
20555076,2016-09-05T02:49:00Z,-73.962432,40.663133
20555102,2016-09-05T03:14:00Z,-73.960179,40.663341
20556075,2016-09-05T20:50:00Z,-73.951983,40.822943
20556311,2016-09-06T00:28:00Z,-73.96279,40.720082
20557459,2016-09-06T21:23:00Z,-73.915392,40.673324
20558591,2016-09-07T18:40:00Z,-73.962787,40.653675
20562785,2016-09-10T21:12:00Z,-73.788053,40.67531
20562866,2016-09-10T22:42:00Z,-73.734865,40.726529
20565471,2016-09-12T23:42:00Z,-73.909137,40.657743
20566663,2016-09-13T22:53:00Z,-73.861689,40.672674
20574568,2016-09-19T21:17:00Z,-73.949096,40.686396
20575086,2016-09-20T10:00:00Z,-73.826949,40.830799
20575810,2016-09-20T19:56:00Z,-73.839796,40.855962
20576729,2016-09-21T14:11:00Z,-73.909529,40.67119
20579343,2016-09-23T12:50:00Z,-73.942389,40.819719
20580392,2016-09-24T03:40:00Z,-73.780915,40.6937
20583325,2016-09-26T13:23:00Z,-73.95636,40.820653
20583589,2016-09-26T16:45:00Z,-73.96247,40.641068
20583970,2016-09-26T23:37:00Z,-73.927012,40.662518
20584248,2016-09-27T08:35:00Z,-73.873261,40.672586
20584850,2016-09-27T17:30:00Z,-73.860334,40.732879
20584904,2016-09-27T18:27:00Z,-73.913516,40.852382
20585458,2016-09-28T06:24:00Z,-73.94586,40.693141
20586479,2016-09-28T22:26:00Z,-73.912866,40.708228
20586840,2016-09-29T08:00:00Z,-74.022463,40.638668
20588622,2016-09-30T16:35:00Z,-73.974914,40.72045
20589418,2016-10-01T08:40:00Z,-73.955869,40.650958
20589987,2016-10-01T18:25:00Z,-73.897076,40.842803
20589989,2016-10-01T18:25:00Z,-73.897076,40.842803
20590565,2016-10-02T03:15:00Z,-73.906227,40.876744
20591228,2016-10-02T17:25:00Z,-74.121181000000007,40.568828
20591995,2016-10-03T11:54:00Z,-73.936253,40.840784
20592711,2016-10-03T22:52:00Z,-73.938214,40.810524
20594066,2016-10-04T23:07:00Z,-73.937491,40.687732
20595009,2016-10-05T16:58:00Z,-73.866473,40.672787
20595012,2016-10-05T17:00:00Z,-73.892843,40.706515
20596539,2016-10-06T20:27:00Z,-73.962674,40.798285
20598497,2016-10-08T06:45:00Z,-73.94199,40.606352
20598875,2016-10-08T15:34:00Z,-73.864701,40.838779
20600431,2016-10-09T20:14:00Z,-73.84463,40.903468
20604339,2016-10-12T23:47:00Z,-73.848069,40.693416
20607374,2016-10-15T07:10:00Z,-73.799593,40.693207
20608234,2016-10-15T22:30:00Z,-73.914249,40.841944
20610492,2016-10-17T15:32:00Z,-73.940537,40.822262
20612086,2016-10-18T17:28:00Z,-73.85439,40.819276
20617917,2016-10-22T19:16:00Z,-73.934116,40.659275
20618282,2016-10-23T00:50:00Z,-73.92162,40.812699
20625964,2016-10-29T03:15:00Z,-73.782447,40.678469
20627203,2016-10-30T02:13:00Z,-73.784315,40.697233
20628377,2016-10-30T23:40:00Z,-73.892058,40.846279
20631024,2016-11-01T20:49:00Z,-73.920393,40.669373
20631135,2016-11-01T22:40:00Z,-73.8662,40.821456
20631850,2016-11-02T13:25:00Z,-73.915383,40.81932
20633809,2016-11-03T21:14:00Z,-73.930051,40.829952
20634657,2016-11-04T14:45:00Z,-73.867195,40.837129
20637868,2016-11-06T23:30:00Z,-74.003351,40.67596
20638396,2016-11-07T13:20:00Z,-73.98695,40.756044
20642963,2016-11-11T09:28:00Z,-73.896646,40.663579
20645450,2016-11-13T05:30:00Z,-73.960844,40.75915
20648820,2016-11-16T03:35:00Z,-73.920684,40.658235
20654493,2016-11-20T12:30:00Z,-73.891863,40.823876
20657003,2016-11-22T18:25:00Z,-73.848497,40.668529
20658377,2016-11-23T20:30:00Z,-73.927431,40.678435
20658417,2016-11-23T21:20:00Z,-73.934759,40.801144
20658567,2016-11-23T23:59:00Z,-73.908211,40.824774
20659013,2016-11-24T12:15:00Z,-73.878468,40.743417
20661321,2016-11-26T12:00:00Z,-73.833816,40.873747
20661914,2016-11-26T21:07:00Z,-74.084955,40.621066
20663103,2016-11-27T20:30:00Z,-73.941711,40.790325
20663906,2016-11-28T14:50:00Z,-73.901583,40.823424
20664012,2016-11-28T16:24:00Z,-73.976319,40.595618
20664423,2016-11-28T23:19:00Z,-73.937527,40.849776
20665610,2016-11-30T00:43:00Z,-73.864248,40.667533
20665660,2016-11-30T02:00:00Z,-73.835461,40.691197
20665944,2016-11-30T10:24:00Z,-73.905388,40.667863
20667893,2016-12-01T19:00:00Z,-73.83704,40.841691
20670654,2016-12-03T20:35:00Z,-73.913257,40.837684
20671924,2016-12-04T21:17:00Z,-73.914017,40.626986
20672049,2016-12-05T00:15:00Z,-73.820855,40.689141
20675157,2016-12-07T15:02:00Z,-73.916812,40.638689
20677127,2016-12-09T01:50:00Z,-73.947619,40.799086
20679571,2016-12-11T00:20:00Z,-73.952859,40.703807
20680098,2016-12-11T12:22:00Z,-73.802652,40.669758
20680552,2016-12-11T20:29:00Z,-73.907459,40.845985
20682723,2016-12-13T18:21:00Z,-73.915067,40.679066
20682882,2016-12-13T20:45:00Z,-73.892225,40.820989
20684064,2016-12-14T18:45:00Z,-73.944367,40.809413
20686784,2016-12-17T02:20:00Z,-73.98482,40.753875
20688549,2016-12-18T15:31:00Z,-73.929054,40.657587
20689856,2016-12-19T18:00:00Z,-73.936766,40.806618
20691150,2016-12-20T20:24:00Z,-73.88814,40.839872
20696773,2016-12-25T12:51:00Z,-73.929804,40.646328
20697515,2016-12-26T08:14:00Z,-73.948294,40.832114
20697516,2016-12-26T08:14:00Z,-73.948294,40.832114
20697679,2016-12-26T12:45:00Z,-74.080756,40.624237
20701938,2016-12-30T00:40:00Z,-73.910117,40.837322
20703185,2016-12-31T01:05:00Z,-73.955752,40.648265
20705896,2017-01-02T03:22:00Z,-73.819599,40.686672
20705950,2017-01-02T04:30:00Z,-73.890373,40.831129
20707660,2017-01-03T18:00:00Z,-73.878552,40.744672
20708482,2017-01-04T12:22:00Z,-73.975956,40.783862
20708573,2017-01-04T13:35:00Z,-73.978475,40.720336
20711335,2017-01-06T17:36:00Z,-73.87987,40.84047
20711962,2017-01-07T05:10:00Z,-74.162815,40.5892
20714922,2017-01-10T09:30:00Z,-73.882098,40.845383
20718209,2017-01-12T21:00:00Z,-73.957858,40.652224
20720303,2017-01-14T12:00:00Z,-73.991417,40.625769
20723492,2017-01-17T04:30:00Z,-73.950382,40.649755999999996
20729306,2017-01-21T16:05:00Z,-73.999825,40.576124
20730691,2017-01-22T16:15:00Z,-73.801092,40.689828
20731868,2017-01-23T15:22:00Z,-73.902774,40.868932
20732711,2017-01-24T12:00:00Z,-73.83113,40.69844
20733133,2017-01-24T18:10:00Z,-74.097705,40.587416
20733134,2017-01-24T18:10:00Z,-74.097705,40.587416
20733875,2017-01-25T10:55:00Z,-73.961565,40.641482
20734517,2017-01-25T19:56:00Z,-73.952883,40.807139
20735860,2017-01-26T20:30:00Z,-73.911815,40.660534
20738926,2017-01-29T05:10:00Z,-73.986839,40.74773
20740756,2017-01-30T20:55:00Z,-73.936136,40.67967
20744148,2017-02-02T17:00:00Z,-73.910177,40.819119
20745412,2017-02-03T17:40:00Z,-73.919293,40.804266
20746027,2017-02-04T04:20:00Z,-73.874004,40.743481
20747790,2017-02-05T17:12:00Z,-73.909447,40.636573
20751446,2017-02-08T18:39:00Z,-74.012895,40.609327
20751610,2017-02-08T21:00:00Z,-73.916305,40.833089
20753961,2017-02-11T04:30:00Z,-73.896252,40.66205
20758857,2017-02-15T14:16:00Z,-73.896735,40.652677
20759141,2017-02-15T18:20:00Z,-73.804079,40.67844
20759205,2017-02-15T19:22:00Z,-74.006888,40.716273
20761195,2017-02-17T15:15:00Z,-73.8696,40.673781
20764800,2017-02-20T14:50:00Z,-73.926024,40.656284
20767171,2017-02-22T18:29:00Z,-73.824931,40.832753
20770146,2017-02-25T03:30:00Z,-73.948294,40.832114
20771261,2017-02-26T01:50:00Z,-73.7647,40.596214
20773301,2017-02-27T22:00:00Z,-73.935263,40.642939
20777833,2017-03-03T15:17:00Z,-73.921434,40.82906
20781243,2017-03-06T14:34:00Z,-73.95205,40.730415
20781775,2017-03-07T00:05:00Z,-73.936136,40.67967
20788023,2017-03-12T03:46:00Z,-73.935256,40.851112
20790082,2017-03-14T07:48:00Z,-73.821285,40.820503
20791281,2017-03-15T18:14:00Z,-73.914756,40.649318
20791836,2017-03-16T10:46:00Z,-73.76661,40.672164
20792401,2017-03-16T19:08:00Z,-73.860675,40.828426
20792425,2017-03-16T19:40:00Z,-73.943324,40.820927
20795375,2017-03-19T05:15:00Z,-73.9226,40.708784
20796454,2017-03-20T08:30:00Z,-74.096506,40.575032
20797330,2017-03-20T23:20:00Z,-73.995587,40.754381
20800453,2017-03-23T14:00:00Z,-73.935369,40.668059
20805824,2017-03-27T21:28:00Z,-73.902989,40.82309
20807223,2017-03-29T01:36:00Z,-73.879342,40.874334
20807260,2017-03-29T02:49:00Z,-73.765884,40.68184
20808475,2017-03-30T02:50:00Z,-73.966374,40.630741
20810437,2017-03-31T19:40:00Z,-74.14682,40.632785
20811875,2017-04-01T22:50:00Z,-73.955809,40.650036
20812070,2017-04-02T01:30:00Z,-73.862612,40.879228
20815672,2017-04-04T21:46:00Z,-74.08198,40.623849
20818073,2017-04-06T22:03:00Z,-74.006256,40.675672
20820909,2017-04-09T05:00:00Z,-73.960149,40.689622
20821904,2017-04-10T01:35:00Z,-73.966613,40.707131
20823854,2017-04-11T16:00:00Z,-73.886696,40.847089
20824131,2017-04-11T19:59:00Z,-73.946081,40.709264
20824233,2017-04-11T21:55:00Z,-73.954171,40.64732
20826586,2017-04-13T19:00:00Z,-73.921029,40.661943
20830362,2017-04-16T20:28:00Z,-73.918381,40.634798
20830384,2017-04-16T20:45:00Z,-73.91299,40.842654
20832185,2017-04-18T09:53:00Z,-73.944341,40.676191
20837941,2017-04-22T20:16:00Z,-73.766897,40.598148
20841565,2017-04-25T21:30:00Z,-73.993588,40.746934
20844031,2017-04-27T21:48:00Z,-73.976113,40.7886
20844519,2017-04-28T09:40:00Z,-73.822592,40.885953
20844637,2017-04-28T11:29:00Z,-73.94092,40.709031
20845694,2017-04-29T02:37:00Z,-73.957974,40.6341
20848320,2017-05-01T06:34:00Z,-73.767709,40.65867
20849349,2017-05-01T21:55:00Z,-73.891559,40.635484
20849388,2017-05-01T22:41:00Z,-73.875419,40.658378
20858692,2017-05-09T05:30:00Z,-73.947517,40.791892
20862689,2017-05-12T06:14:00Z,-73.943663,40.812797
20865087,2017-05-14T07:30:00Z,-73.751682,40.664167
20866753,2017-05-15T15:47:00Z,-73.948047,40.755668
20866893,2017-05-15T17:50:00Z,-73.952275,40.798619
20870158,2017-05-18T03:10:00Z,-73.920306,40.866286
20870500,2017-05-18T10:54:00Z,-73.98695,40.756044
20871169,2017-05-18T20:36:00Z,-73.853664,40.68602
20873876,2017-05-20T20:27:00Z,-73.917926,40.849341
20874046,2017-05-20T23:14:00Z,-73.936229,40.642874
20874760,2017-05-21T12:55:00Z,-73.767424,40.760157
20876752,2017-05-23T08:36:00Z,-73.98519,40.764818
20879181,2017-05-24T22:21:00Z,-73.939882,40.703689
20881667,2017-05-26T22:14:00Z,-74.002727,40.579989
20882968,2017-05-27T20:12:00Z,-73.932146,40.649997
20883075,2017-05-27T22:01:00Z,-73.801025,40.676044
20884080,2017-05-28T16:27:00Z,-73.961311,40.676088
20886921,2017-05-30T22:54:00Z,-73.803813,40.761627
20887120,2017-05-31T02:57:00Z,-73.856083,40.883515
20888223,2017-05-31T22:50:00Z,-73.849512,40.832143
20890790,2017-06-02T17:40:00Z,-73.931137,40.695691
20891934,2017-06-03T15:09:00Z,-73.895539,40.648309
20892265,2017-06-03T20:24:00Z,-73.879807,40.827216
20898815,2017-06-09T00:48:00Z,-73.917682,40.687012
20900045,2017-06-09T21:22:00Z,-73.876502,40.839961
20900107,2017-06-09T22:18:00Z,-73.778504,40.69678
20909930,2017-06-17T10:55:00Z,-73.929281,40.677432
20910345,2017-06-17T18:00:00Z,-73.921091,40.670946
20910804,2017-06-18T01:20:00Z,-73.809578,40.589965
20911410,2017-06-18T14:28:00Z,-73.997878,40.571859
20912127,2017-06-19T03:08:00Z,-73.983915,40.662117
20912546,2017-06-19T12:59:00Z,-73.9896,40.704991
20914536,2017-06-20T23:30:00Z,-73.921622,40.666494
20917540,2017-06-23T03:40:00Z,-73.880573,40.663901
20917541,2017-06-23T03:40:00Z,-73.880573,40.663901
20919658,2017-06-24T18:00:00Z,-73.887938,40.674393
20921029,2017-06-25T17:13:00Z,-73.890037,40.809638
20921483,2017-06-26T01:20:00Z,-73.829276,40.692722
20925891,2017-06-29T11:40:00Z,-73.913373000000007,40.834503
20926766,2017-06-30T01:18:00Z,-73.867626,40.816366
20927358,2017-06-30T13:54:00Z,-73.911745,40.843762
20927608,2017-06-30T17:34:00Z,-74.085822,40.61433
20928306,2017-07-01T03:44:00Z,-73.864503,40.81572
20929835,2017-07-02T07:00:00Z,-73.788694,40.707477
20929896,2017-07-02T08:55:00Z,-73.929829,40.667757
20930778,2017-07-02T23:01:00Z,-73.946042,40.686748
20933555,2017-07-04T23:31:00Z,-73.901915,40.858101
20933786,2017-07-05T02:38:00Z,-73.786487,40.699329
20933787,2017-07-05T02:38:00Z,-73.786487,40.699329
20933889,2017-07-05T05:30:00Z,-73.864551,40.878991
20934797,2017-07-05T20:24:00Z,-73.892892,40.860206
20936491,2017-07-07T04:30:00Z,-73.953472,40.817218
20937455,2017-07-07T21:16:00Z,-73.84445,40.87817
20938685,2017-07-08T19:27:00Z,-73.915888,40.845868
20940322,2017-07-10T00:20:00Z,-73.891286,40.884967
20940323,2017-07-10T00:20:00Z,-73.891286,40.884967
20942663,2017-07-11T22:10:00Z,-73.960876,40.649371
20943950,2017-07-12T20:30:00Z,-73.934567,40.688071
20943953,2017-07-12T20:30:00Z,-73.934567,40.688071
20944151,2017-07-12T23:59:00Z,-73.843522,40.676375
20944669,2017-07-13T11:17:00Z,-73.911863,40.806604
20945150,2017-07-13T18:00:00Z,-73.917373,40.651661
20945548,2017-07-14T00:21:00Z,-73.753587,40.610036
20945663,2017-07-14T02:26:00Z,-73.966215,40.653198
20947863,2017-07-15T20:00:00Z,-73.980653,40.73611
20948709,2017-07-16T11:08:00Z,-73.936091,40.760627
20949476,2017-07-16T23:42:00Z,-73.892672,40.64459
20950127,2017-07-17T13:28:00Z,-73.894379,40.647803
20952006,2017-07-18T19:30:00Z,-73.920188,40.804645
20953948,2017-07-20T04:50:00Z,-73.912984,40.803235
20953960,2017-07-20T05:19:00Z,-73.964206,40.581065
20954087,2017-07-20T09:00:00Z,-73.888498,40.84854
20956480,2017-07-22T01:11:00Z,-73.984796,40.701016
20958035,2017-07-23T02:27:00Z,-73.935116,40.694329
20960408,2017-07-24T23:13:00Z,-73.747507,40.665484
20961475,2017-07-25T18:00:00Z,-73.820105,40.88683
20961647,2017-07-25T20:47:00Z,-73.904357,40.656002
20965404,2017-07-28T15:10:00Z,-73.756703,40.663415
20967880,2017-07-30T11:57:00Z,-73.958774,40.587488
20969739,2017-07-31T22:47:00Z,-73.908289,40.83381
20971149,2017-08-01T23:00:00Z,-73.973733,40.751762
20978928,2017-08-07T19:20:00Z,-73.861374,40.883127
20980830,2017-08-09T06:05:00Z,-74.013803,40.629696
20983278,2017-08-10T22:56:00Z,-74.116698,40.635484
20984996,2017-08-12T03:46:00Z,-73.886156,40.738375
20986854,2017-08-13T15:01:00Z,-73.917173,40.824144
20987321,2017-08-13T22:26:00Z,-73.912674,40.626389
20989834,2017-08-15T20:21:00Z,-73.756466,40.699547
20993926,2017-08-18T20:25:00Z,-73.942428,40.724542
20993928,2017-08-18T20:26:00Z,-73.792067,40.699166
20994890,2017-08-19T14:00:00Z,-73.811525,40.691015
20995633,2017-08-20T01:09:00Z,-73.918505,40.656542
20998119,2017-08-22T00:59:00Z,-73.905547,40.828494
21004773,2017-08-26T23:51:00Z,-73.920378,40.648787
21007962,2017-08-29T15:32:00Z,-73.9238,40.836676
21008221,2017-08-29T20:09:00Z,-73.904347,40.821239
21010825,2017-08-31T18:45:00Z,-73.746704,40.662301
21013004,2017-09-02T10:00:00Z,-73.916451,40.613777
21013868,2017-09-03T00:30:00Z,-73.900863,40.695257
21014770,2017-09-03T19:48:00Z,-73.950829,40.679027
21017415,2017-09-05T20:45:00Z,-73.881063,40.844259
21017500,2017-09-05T22:05:00Z,-73.944487,40.627046
21024006,2017-09-10T20:15:00Z,-73.944004,40.819991
21026661,2017-09-12T23:25:00Z,-73.81102,40.729065
21027901,2017-09-13T21:04:00Z,-73.946044,40.795476
21031108,2017-09-16T03:25:00Z,-73.957499,40.671984
21032447,2017-09-17T01:03:00Z,-73.792034,40.667848
21037292,2017-09-20T19:15:00Z,-73.979547,40.684882
21037463,2017-09-20T22:07:00Z,-73.950314,40.798964
21039271,2017-09-22T08:02:00Z,-73.937605,40.821025
21043404,2017-09-25T07:05:00Z,-73.90283,40.828393
21045198,2017-09-26T16:56:00Z,-73.898519,40.871116
21046016,2017-09-27T09:48:00Z,-73.884761,40.844002
21047483,2017-09-28T11:00:00Z,-73.903147,40.856183
21047989,2017-09-28T17:26:00Z,-73.81102,40.729065
21048615,2017-09-29T05:00:00Z,-73.834186,40.6788
21049398,2017-09-29T18:02:00Z,-73.908949,40.652459
21049432,2017-09-29T18:30:00Z,-73.867393,40.86433
21049917,2017-09-30T02:58:00Z,-74.114342,40.639812
21049978,2017-09-30T03:55:00Z,-73.865627,40.833142
21050119,2017-09-30T08:27:00Z,-73.912994,40.682301
21050981,2017-09-30T22:46:00Z,-73.950482,40.801064
21052218,2017-10-01T21:52:00Z,-73.857517,40.860805
21056419,2017-10-05T06:09:00Z,-73.975483,40.784507
21058347,2017-10-06T14:33:00Z,-73.924011,40.695871
21059128,2017-10-07T00:40:00Z,-73.938425,40.680333
21065506,2017-10-11T20:35:00Z,-73.987122,40.574751
21065794,2017-10-12T02:49:00Z,-73.987433,40.683135
21066833,2017-10-12T20:50:00Z,-73.873673,40.759947
21067842,2017-10-13T15:15:00Z,-73.901538,40.858729
21068320,2017-10-13T21:10:00Z,-73.908049,40.835094
21075007,2017-10-18T21:01:00Z,-73.930035,40.680347
21077115,2017-10-20T13:07:00Z,-73.948464,40.640475
21077970,2017-10-21T01:20:00Z,-73.912359,40.849321
21077993,2017-10-21T01:38:00Z,-73.960101,40.577904
21080884,2017-10-23T09:19:00Z,-73.842918,40.685152
21082542,2017-10-24T13:07:00Z,-73.929076,40.863338
21084520,2017-10-25T19:46:00Z,-73.983808,40.701406
21086295,2017-10-27T06:47:00Z,-73.933289,40.805164
21087608,2017-10-28T03:26:00Z,-74.149227,40.623227
21088680,2017-10-28T23:01:00Z,-74.010711,40.575591
21089190,2017-10-29T09:25:00Z,-73.976574,40.740161
21089813,2017-10-29T22:50:00Z,-73.93617,40.848195
21091737,2017-10-31T15:08:00Z,-74.010724,40.729055
21091738,2017-10-31T15:08:00Z,-74.010724,40.729055
21091739,2017-10-31T15:08:00Z,-74.010724,40.729055
21091740,2017-10-31T15:08:00Z,-74.010724,40.729055
21091741,2017-10-31T15:08:00Z,-74.010724,40.729055
21091742,2017-10-31T15:08:00Z,-74.010724,40.729055
21091743,2017-10-31T15:08:00Z,-74.010724,40.729055
21091744,2017-10-31T15:08:00Z,-74.010724,40.729055
21092206,2017-10-31T21:00:00Z,-73.867626,40.816366
21092479,2017-11-01T00:48:00Z,-73.875192,40.827889
21092789,2017-11-01T07:55:00Z,-73.990072,40.728819
21093455,2017-11-01T18:34:00Z,-73.898619,40.665686
21095496,2017-11-03T07:42:00Z,-73.864205,40.889017
21095986,2017-11-03T16:12:00Z,-73.975815,40.723997
21096099,2017-11-03T17:32:00Z,-73.760044,40.671522
21096669,2017-11-04T01:11:00Z,-73.766915,40.661108
21097598,2017-11-04T19:47:00Z,-73.885091,40.656906
21100379,2017-11-07T04:21:00Z,-74.000495,40.573909
21102911,2017-11-09T06:50:00Z,-74.007487,40.627152
21102912,2017-11-09T06:50:00Z,-74.007487,40.627152
21103818,2017-11-09T21:15:00Z,-74.023552,40.639329
21105199,2017-11-11T00:45:00Z,-73.893204,40.848399
21108728,2017-11-13T23:26:00Z,-73.794196,40.682243
21113867,2017-11-18T00:45:00Z,-73.877159,40.746874
21117048,2017-11-20T15:18:00Z,-73.91002,40.82093
21118634,2017-11-21T22:25:00Z,-73.877992,40.644366
21121395,2017-11-24T12:56:00Z,-73.940787,40.700085
21125191,2017-11-27T14:10:00Z,-74.113225,40.639742
21128792,2017-11-30T10:30:00Z,-73.913506,40.829088
21131955,2017-12-02T16:03:00Z,-73.937142,40.760051
21132326,2017-12-02T22:07:00Z,-74.171252,40.638984
21132331,2017-12-02T22:10:00Z,-73.927012,40.662518
21132440,2017-12-03T00:03:00Z,-73.938452,40.8462
21132708,2017-12-03T04:30:00Z,-73.817347,40.688892
21137646,2017-12-07T05:21:00Z,-73.91314,40.683037
21141500,2017-12-10T07:17:00Z,-73.941526,40.634395
21142296,2017-12-10T22:47:00Z,-73.766277,40.701354
21142647,2017-12-11T09:02:00Z,-73.904784,40.854063
21143798,2017-12-12T08:29:00Z,-73.88503,40.74259
21144437,2017-12-12T18:25:00Z,-73.879259,40.661361
21146794,2017-12-14T20:24:00Z,-73.94187,40.798293
21148045,2017-12-15T22:05:00Z,-73.925389,40.67965
21148178,2017-12-16T00:38:00Z,-73.961458,40.801181
21148228,2017-12-16T01:40:00Z,-73.933722,40.670743
21148372,2017-12-16T04:30:00Z,-73.751256,40.70979
21149129,2017-12-16T19:49:00Z,-73.848193,40.819732
21151869,2017-12-19T03:20:00Z,-73.822111,40.693826
21151891,2017-12-19T03:51:00Z,-73.983953,40.760158
21152993,2017-12-20T00:04:00Z,-73.95777,40.711245
21154307,2017-12-21T00:10:00Z,-74.144312,40.629461
21154695,2017-12-21T11:43:00Z,-73.946042,40.686748
21160785,2017-12-26T20:30:00Z,-73.915945,40.837971
21161200,2017-12-27T09:55:00Z,-73.939619,40.671959
21161605,2017-12-27T17:06:00Z,-73.920987,40.846511
21161998,2017-12-28T00:20:00Z,-73.858836,40.845609
21164038,2017-12-29T22:20:00Z,-73.891579,40.811728
21167007,2018-01-01T13:09:00Z,-73.830464,40.686417
21169398,2018-01-03T20:37:00Z,-73.753094,40.714103
21172252,2018-01-06T21:05:00Z,-73.854749,40.899691
21175466,2018-01-09T23:36:00Z,-73.881393,40.841836
21176063,2018-01-10T14:30:00Z,-73.872288,40.834473
21176064,2018-01-10T14:30:00Z,-73.872288,40.834473
21178910,2018-01-12T20:17:00Z,-73.919324,40.665222
21179744,2018-01-13T13:32:00Z,-73.772573,40.595821
21182489,2018-01-15T23:39:00Z,-73.908618,40.813148
21182594,2018-01-16T02:00:00Z,-73.922103,40.847354
21183627,2018-01-16T21:30:00Z,-73.810556,40.689284
21185230,2018-01-18T08:26:00Z,-73.746577,40.708136
21186161,2018-01-18T21:58:00Z,-73.934344,40.694463
21188898,2018-01-21T01:05:00Z,-73.920766,40.841224
21189005,2018-01-21T02:35:00Z,-73.88867,40.844782
21189757,2018-01-21T17:40:00Z,-73.811897,40.730274
21196926,2018-01-27T08:43:00Z,-73.89341,40.649687
21198152,2018-01-28T05:10:00Z,-73.804247,40.666865
21199541,2018-01-29T12:45:00Z,-73.943316,40.694932
21204833,2018-02-02T18:30:00Z,-73.804462,40.711342
21207364,2018-02-04T21:15:00Z,-73.892378,40.856122
21207698,2018-02-05T04:12:00Z,-73.85695,40.851757
21210850,2018-02-07T18:43:00Z,-73.951695,40.657014
21210851,2018-02-07T18:43:00Z,-73.951695,40.657014
21211874,2018-02-08T16:06:00Z,-73.777806,40.595535
21212479,2018-02-09T03:15:00Z,-73.957745,40.665899
21219792,2018-02-15T02:08:00Z,-73.939997,40.788721
21221001,2018-02-15T22:05:00Z,-73.870731,40.860159
21226696,2018-02-20T18:30:00Z,-73.883681,40.849567
21228637,2018-02-22T04:20:00Z,-73.981143,40.68833
21232619,2018-02-25T12:49:00Z,-73.952891,40.678251
21233183,2018-02-25T23:45:00Z,-73.801897,40.701978
21235634,2018-02-28T02:21:00Z,-73.975821,40.757554
21236589,2018-02-28T19:56:00Z,-73.863612,40.737302
21236860,2018-03-01T01:00:00Z,-73.928574,40.688007
21240045,2018-03-03T18:10:00Z,-73.927968,40.634697
21241503,2018-03-04T23:20:00Z,-73.78317,40.678984
21241587,2018-03-05T01:32:00Z,-73.889242,40.855131
21241588,2018-03-05T01:32:00Z,-73.889242,40.855131
21242685,2018-03-06T00:28:00Z,-73.94399,40.828675
21242816,2018-03-06T03:55:00Z,-73.904337,40.669328
21244937,2018-03-08T06:50:00Z,-74.00388,40.724661
21247101,2018-03-09T22:10:00Z,-73.909573,40.700397
21247423,2018-03-10T03:37:00Z,-73.949681,40.68933
21248300,2018-03-10T21:30:00Z,-73.917477,40.847112
21248681,2018-03-11T04:17:00Z,-73.864794,40.754005
21249237,2018-03-11T17:40:00Z,-73.735774,40.693781
21251927,2018-03-14T02:02:00Z,-73.938949,40.695059
21252039,2018-03-14T05:00:00Z,-73.907661,40.661502
21252040,2018-03-14T05:00:00Z,-73.907661,40.661502
21252044,2018-03-14T05:00:00Z,-73.907661,40.661502
21258245,2018-03-19T05:09:00Z,-73.892797,40.852096
21261337,2018-03-21T22:38:00Z,-73.923756,40.843329
21261869,2018-03-22T12:44:00Z,-73.991719,40.716835
21262390,2018-03-22T20:15:00Z,-73.884397,40.74759
21264946,2018-03-24T19:53:00Z,-73.94619,40.757467
21267088,2018-03-26T14:50:00Z,-73.930828,40.694502
21271932,2018-03-30T13:20:00Z,-73.896152,40.830479
21272753,2018-03-31T02:22:00Z,-73.955203,40.640072
21274047,2018-04-01T03:05:00Z,-74.010806,40.632579
21274886,2018-04-01T21:17:00Z,-73.955454,40.662851
21275771,2018-04-02T17:00:00Z,-73.825581,40.58211
21276341,2018-04-03T07:21:00Z,-74.000304,40.683651
21277690,2018-04-04T12:42:00Z,-73.949629,40.7828
21281768,2018-04-07T18:48:00Z,-73.942913,40.685611
21283343,2018-04-09T06:27:00Z,-73.905257,40.648614
21288252,2018-04-13T04:04:00Z,-73.937755,40.625695
21289268,2018-04-13T20:03:00Z,-73.908995,40.875121
21289361,2018-04-13T21:59:00Z,-73.901947,40.873098
21289839,2018-04-14T06:30:00Z,-73.958124,40.64702
21293953,2018-04-17T15:05:00Z,-73.913627,40.691532
21294098,2018-04-17T16:51:00Z,-73.946042,40.686748
21294227,2018-04-17T19:01:00Z,-73.864671,40.880163
21295587,2018-04-18T19:40:00Z,-73.944518,40.693667
21299061,2018-04-21T16:35:00Z,-73.879839,40.845767
21300077,2018-04-22T10:59:00Z,-73.888577,40.669566
21300508,2018-04-22T18:17:00Z,-73.921043,40.821172
21301009,2018-04-23T04:45:00Z,-73.876247,40.820133
21301581,2018-04-23T14:51:00Z,-73.877374,40.873129
21302487,2018-04-24T10:43:00Z,-73.804433,40.742179
21303156,2018-04-24T19:38:00Z,-73.949719,40.791998
21305023,2018-04-26T11:00:00Z,-73.856535,40.873632
21305065,2018-04-26T11:30:00Z,-73.889325,40.837636
21306997,2018-04-27T20:00:00Z,-73.906484,40.81728
21308105,2018-04-28T17:22:00Z,-73.9073,40.856412
21311296,2018-05-01T10:00:00Z,-73.874707,40.87807
21312146,2018-05-01T21:00:00Z,-73.900327,40.822802
21312166,2018-05-01T21:23:00Z,-73.929298,40.651063
21313685,2018-05-02T22:56:00Z,-73.910971,40.663056
21315136,2018-05-04T00:40:00Z,-73.936087,40.693139
21315966,2018-05-04T16:18:00Z,-73.958453,40.669346
21316194,2018-05-04T19:28:00Z,-73.980488,40.685651
21317416,2018-05-05T17:40:00Z,-73.903394,40.656155
21317957,2018-05-06T01:30:00Z,-73.944675,40.630005
21320008,2018-05-07T16:54:00Z,-73.968947,40.645099
21322006,2018-05-09T09:00:00Z,-73.916747,40.765821
21322708,2018-05-09T18:12:00Z,-73.901267,40.634826
21323731,2018-05-10T13:58:00Z,-73.942931,40.65208
21324317,2018-05-10T22:47:00Z,-74.076376,40.628162
21325374,2018-05-11T17:47:00Z,-73.939305,40.704029
21325832,2018-05-12T00:30:00Z,-73.923905,40.848448
21326989,2018-05-12T23:18:00Z,-73.907334,40.84728
21327753,2018-05-13T15:50:00Z,-73.939305,40.704029
21327754,2018-05-13T15:50:00Z,-73.971437,40.794953
21330081,2018-05-15T14:30:00Z,-73.949615,40.634671
21330727,2018-05-16T02:00:00Z,-73.783303,40.684767
21331518,2018-05-16T16:45:00Z,-73.910517,40.832582
21333543,2018-05-18T07:05:00Z,-73.978222,40.755702
21334921,2018-05-19T06:30:00Z,-73.915941,40.683461
21335904,2018-05-20T01:03:00Z,-73.94689,40.826226
21340164,2018-05-23T11:45:00Z,-73.951528,40.708124
21340979,2018-05-23T22:40:00Z,-74.077217,40.645023
21342257,2018-05-24T21:34:00Z,-73.868863,40.825057
21343686,2018-05-25T22:09:00Z,-73.908619,40.630654
21343766,2018-05-25T23:10:00Z,-73.923645,40.814287
21346757,2018-05-28T10:15:00Z,-73.836653,40.681337
21347496,2018-05-28T23:18:00Z,-73.878781,40.884444
21349110,2018-05-30T03:36:00Z,-73.895882,40.818517
21350232,2018-05-30T22:45:00Z,-73.881297,40.660482
21354117,2018-06-02T20:04:00Z,-73.879136,40.844347
21354575,2018-06-03T03:29:00Z,-73.730906,40.706025
21355779,2018-06-04T07:55:00Z,-73.878673,40.834955
21358042,2018-06-05T23:13:00Z,-73.920179,40.851357
21360580,2018-06-07T21:35:00Z,-73.960876,40.649371
21361958,2018-06-08T23:30:00Z,-73.984589,40.741126
21362108,2018-06-09T01:37:00Z,-73.945419,40.813111
21362461,2018-06-09T10:30:00Z,-73.885542,40.677781
21362577,2018-06-09T12:13:00Z,-73.889218,40.8524
21363194,2018-06-09T21:20:00Z,-73.883075,40.851287
21363323,2018-06-09T23:28:00Z,-73.945238,40.651044
21364700,2018-06-11T02:29:00Z,-73.804359,40.696284
21365618,2018-06-11T19:34:00Z,-73.913699,40.809043
21366431,2018-06-12T13:07:00Z,-73.921066,40.807465
21366880,2018-06-12T19:30:00Z,-73.965402,40.79578
21367135,2018-06-12T23:52:00Z,-73.938904,40.826123
21368149,2018-06-13T18:24:00Z,-73.913119,40.677654
21368836,2018-06-14T09:13:00Z,-73.821755,40.677387
21371304,2018-06-16T01:20:00Z,-74.084436,40.620397
21372570,2018-06-16T23:22:00Z,-73.93443,40.698937
21373686,2018-06-17T18:55:00Z,-73.84699,40.821336
21376040,2018-06-19T15:06:00Z,-73.866427,40.843472
21377973,2018-06-20T22:35:00Z,-73.892152,40.854801
21378377,2018-06-21T08:46:00Z,-73.848193,40.819732
21378378,2018-06-21T08:46:00Z,-73.848193,40.819732
21378379,2018-06-21T08:46:00Z,-73.848193,40.819732
21381773,2018-06-23T20:41:00Z,-73.734135,40.711442
21382238,2018-06-24T04:06:00Z,-73.896285,40.819269
21383209,2018-06-24T22:02:00Z,-73.924029,40.689464
21387366,2018-06-28T08:36:00Z,-73.752418,40.696077
21388102,2018-06-28T20:30:00Z,-73.878038,40.674529
21389739,2018-06-30T02:33:00Z,-73.914169,40.685022
21390067,2018-06-30T11:03:00Z,-73.937001,40.802092
21390661,2018-06-30T20:13:00Z,-73.91522,40.85083
21393481,2018-07-03T01:49:00Z,-73.946817,40.664162
21396393,2018-07-05T03:55:00Z,-73.931501,40.664796
21402089,2018-07-09T13:25:00Z,-73.878332,40.804013
21402466,2018-07-09T18:35:00Z,-73.917446,40.831138
21402585,2018-07-09T20:45:00Z,-73.925503,40.651436
21402793,2018-07-10T01:00:00Z,-73.903921,40.745544
21403176,2018-07-10T10:47:00Z,-74.078986,40.641978
21403177,2018-07-10T10:47:00Z,-74.087149,40.640124
21404539,2018-07-11T12:50:00Z,-73.935008,40.682771
21404587,2018-07-11T13:22:00Z,-73.852618,40.89189
21407842,2018-07-13T22:00:00Z,-73.88511,40.836484
21408315,2018-07-14T06:25:00Z,-73.90063,40.873393
21408755,2018-07-14T15:00:00Z,-73.906674,40.668984
21409865,2018-07-15T11:00:00Z,-73.769225,40.662296
21410186,2018-07-15T16:00:00Z,-73.870455,40.671408
21411410,2018-07-16T14:04:00Z,-73.773618,40.66363
21412753,2018-07-17T13:42:00Z,-73.938097,40.703721
21413070,2018-07-17T18:58:00Z,-73.936771,40.828076
21414409,2018-07-18T18:40:00Z,-73.933955,40.745598
21415908,2018-07-19T20:30:00Z,-73.8662,40.821456
21417904,2018-07-21T08:26:00Z,-73.95138,40.654071
21424816,2018-07-26T15:45:00Z,-73.900566,40.677186
21424934,2018-07-26T17:34:00Z,-73.913362,40.695978
21428110,2018-07-29T00:23:00Z,-73.956284,40.814803
21429664,2018-07-30T01:20:00Z,-73.75263,40.684711
21430707,2018-07-30T19:53:00Z,-73.926893,40.767189
21430708,2018-07-30T19:53:00Z,-73.926893,40.767189
21430709,2018-07-30T19:53:00Z,-73.926893,40.767189
21432017,2018-07-31T19:05:00Z,-73.909411,40.859172
21432462,2018-08-01T02:43:00Z,-73.99654,40.756788
21434054,2018-08-02T08:56:00Z,-74.014461,40.63941
21436210,2018-08-03T22:28:00Z,-73.918429,40.833776
21437654,2018-08-05T00:15:00Z,-73.937306,40.750458
21437953,2018-08-05T05:20:00Z,-73.834058,40.579658
21438487,2018-08-05T15:53:00Z,-73.997332,40.716012
21442919,2018-08-08T23:43:00Z,-73.915236,40.784921
21448705,2018-08-13T10:00:00Z,-73.830346,40.75424
21450128,2018-08-14T13:20:00Z,-73.867865,40.865428
21454008,2018-08-17T11:10:00Z,-73.891109,40.867039
21454953,2018-08-18T01:35:00Z,-73.826366,40.688716
21455065,2018-08-18T03:23:00Z,-73.860084,40.865529
21455432,2018-08-18T11:55:00Z,-74.075806,40.642982
21455521,2018-08-18T13:15:00Z,-73.99135,40.722992
21456119,2018-08-18T22:30:00Z,-73.761,40.599725
21456444,2018-08-19T03:15:00Z,-73.938257,40.717231
21457576,2018-08-20T01:40:00Z,-73.992186,40.761597
21458940,2018-08-21T02:45:00Z,-73.903103,40.66821
21459572,2018-08-21T15:20:00Z,-73.900716,40.903486
21463030,2018-08-24T09:00:00Z,-73.887693,40.824265
21463979,2018-08-24T23:09:00Z,-73.949719,40.791998
21465362,2018-08-25T23:47:00Z,-73.906952,40.70238
21465649,2018-08-26T04:18:00Z,-73.936091,40.760627
21466375,2018-08-26T19:10:00Z,-73.975245,40.685413
21470463,2018-08-29T21:30:00Z,-73.947852,40.824906
21471701,2018-08-30T19:52:00Z,-73.976701,40.739417
21471936,2018-08-30T23:37:00Z,-73.903752,40.8804
21472679,2018-08-31T15:15:00Z,-73.760016,40.597999
21473447,2018-09-01T02:16:00Z,-73.922815,40.86292
21475521,2018-09-02T14:46:00Z,-73.954143,40.682067
21477160,2018-09-03T20:20:00Z,-73.901736,40.869348
21477466,2018-09-04T01:14:00Z,-73.939997,40.788721
21477532,2018-09-04T02:57:00Z,-73.951302,40.6974
21478819,2018-09-05T02:00:00Z,-73.85738,40.84006
21478832,2018-09-05T02:12:00Z,-73.910462,40.8415
21482394,2018-09-07T20:45:00Z,-74.031725,40.618208
21484834,2018-09-09T20:21:00Z,-73.95404,40.642926
21485197,2018-09-10T07:00:00Z,-73.884128,40.846392
21489744,2018-09-13T21:23:00Z,-73.737439,40.659088
21489907,2018-09-14T00:35:00Z,-73.823983,40.688254
21491471,2018-09-15T03:22:00Z,-73.867795,40.685785
21492907,2018-09-16T03:20:00Z,-73.87017,40.823387
21494819,2018-09-17T15:48:00Z,-73.989343,40.684282
21499540,2018-09-21T05:52:00Z,-73.893042,40.7717
21500077,2018-09-21T14:50:00Z,-73.911343,40.668296
21501007,2018-09-22T05:30:00Z,-73.942185,40.847673
21502116,2018-09-23T01:10:00Z,-73.93311,40.680742
21502370,2018-09-23T06:43:00Z,-73.933397,40.62098
21503964,2018-09-24T16:00:00Z,-74.022718,40.645266
21504335,2018-09-24T22:30:00Z,-73.843911,40.869263
21505319,2018-09-25T20:20:00Z,-73.75945,40.686328
21506522,2018-09-26T19:15:00Z,-73.805399,40.673482
21507954,2018-09-27T20:41:00Z,-73.885321,40.747495
21509005,2018-09-28T16:55:00Z,-73.955745,40.68151
21509546,2018-09-29T01:44:00Z,-73.946649,40.625587
21511119,2018-09-30T06:00:00Z,-73.872664,40.756904
21512138,2018-10-01T01:55:00Z,-73.836493,40.771598
21514738,2018-10-03T05:26:00Z,-73.885091,40.656906
21515688,2018-10-03T20:51:00Z,-73.793495,40.752667
21516695,2018-10-04T15:45:00Z,-73.904451,40.841448
21518087,2018-10-05T17:56:00Z,-73.890155,40.67209
21518317,2018-10-05T21:40:00Z,-74.005247,40.675754
21519461,2018-10-06T19:00:00Z,-73.867515,40.828629
21519889,2018-10-07T02:11:00Z,-73.848196,40.694695
21520938,2018-10-07T21:27:00Z,-73.912906,40.702371
21521165,2018-10-08T01:52:00Z,-73.947738,40.633448
21522785,2018-10-09T11:25:00Z,-73.774304,40.683455
21527812,2018-10-13T10:36:00Z,-73.904773,40.674941
21530684,2018-10-15T19:31:00Z,-73.870475,40.8673
21533481,2018-10-18T03:47:00Z,-74.115678,40.637223
21534834,2018-10-19T09:15:00Z,-73.902887,40.83086
21535654,2018-10-19T21:51:00Z,-73.939192,40.827463
21537281,2018-10-21T04:00:00Z,-73.973933,40.794276
21539627,2018-10-23T09:15:00Z,-73.907143,40.836653
21543608,2018-10-26T13:55:00Z,-73.936361,40.584064
21548715,2018-10-30T18:12:00Z,-73.810906,40.731293
21549711,2018-10-31T14:39:00Z,-73.895237,40.863121
21552083,2018-11-02T02:30:00Z,-73.961398,40.680483
21553017,2018-11-02T19:28:00Z,-73.884045,40.632425
21554308,2018-11-03T20:55:00Z,-73.897737,40.883365
21554408,2018-11-03T22:50:00Z,-73.791827,40.697368
21554567,2018-11-04T01:25:00Z,-73.850099,40.903794
21560727,2018-11-09T08:15:00Z,-73.917842,40.697379
21564020,2018-11-11T21:50:00Z,-73.925707,40.834209
21565040,2018-11-12T19:15:00Z,-73.938819,40.698827
21565536,2018-11-13T09:40:00Z,-73.958908,40.661859
21566685,2018-11-14T10:20:00Z,-73.821162,40.764112
21566686,2018-11-14T10:20:00Z,-73.821162,40.764112
21567945,2018-11-15T12:00:00Z,-73.84725,40.887333
21568764,2018-11-16T09:00:00Z,-73.934911,40.811612
21572890,2018-11-19T16:25:00Z,-73.939072,40.836926
21574605,2018-11-21T01:25:00Z,-73.92668,40.81974
21575863,2018-11-22T03:43:00Z,-73.920986,40.743605
21576848,2018-11-23T09:22:00Z,-73.917027,40.692248
21578646,2018-11-24T21:40:00Z,-73.923973,40.82444
21590307,2018-12-04T14:20:00Z,-73.940047,40.693058
21590856,2018-12-04T22:25:00Z,-73.94316,40.696082
21595888,2018-12-09T00:47:00Z,-73.91021,40.848356
21596121,2018-12-09T04:33:00Z,-74.002951,40.602216
21596723,2018-12-09T18:31:00Z,-74.004722,40.598395
21597818,2018-12-10T17:58:00Z,-73.891311,40.865658
21598387,2018-12-11T08:50:00Z,-74.076747,40.640755
21601864,2018-12-14T00:42:00Z,-73.913178,40.83974
21603180,2018-12-15T02:10:00Z,-73.991339,40.750022
21603375,2018-12-15T05:41:00Z,-73.903426,40.848309
21604847,2018-12-16T11:58:00Z,-73.750078,40.602746
21607258,2018-12-18T16:33:00Z,-73.923789,40.681803
21609681,2018-12-20T18:16:00Z,-73.852352,40.834139
21610020,2018-12-21T00:57:00Z,-73.899993,40.831009
21610706,2018-12-21T16:30:00Z,-74.107267,40.63229
21617021,2018-12-27T11:14:00Z,-73.918416,40.850533
21618777,2018-12-28T22:07:00Z,-73.891233,40.831522
21620198,2018-12-30T02:22:00Z,-73.880342,40.674196
21621760,2018-12-31T16:56:00Z,-74.005666,40.732804
21621992,2018-12-31T21:38:00Z,-73.754848,40.605163
